Sep 9, 2016  12.52 17.54 12.52 17.50 -
Sep 8, 2016  11.74 12.60 11.65 12.51 -
Sep 7, 2016  11.89 12.45 11.77 11.94 -
Sep 6, 2016  12.42 12.93 11.85 12.02 -
Sep 2, 2016  13.47 13.90 11.90 11.98 -
Sep 1, 2016  13.07 14.61 12.99 13.48 -
Aug 31, 2016 13.14 14.34 12.97 13.42 -
Aug 30, 2016 12.94 13.60 12.70 13.12 -
Aug 29, 2016 14.09 14.43 12.90 12.94 -
Aug 26, 2016 13.54 14.93 12.13 13.65 -
Aug 25, 2016 13.62 14.09 13.29 13.63 -
Aug 24, 2016 12.70 14.01 12.30 13.45 -
Aug 23, 2016 12.15 12.44 11.72 12.38 -
Aug 22, 2016 12.53 13.02 11.94 12.27 -
Aug 19, 2016 11.67 12.28 11.33 11.34 -
Aug 18, 2016 12.20 12.53 11.42 11.43 -
Aug 17, 2016 12.57 13.71 12.14 12.19 -
Aug 16, 2016 12.04 12.78 11.87 12.64 -
Aug 15, 2016 11.81 12.17 11.58 11.81 -
Aug 12, 2016 11.61 12.00 11.28 11.55 -
Aug 11, 2016 11.93 12.11 11.38 11.68 -
Aug 10, 2016 11.55 12.50 11.37 12.05 -
Aug 9, 2016  11.40 11.92 11.02 11.66 -
Aug 8, 2016  11.66 11.78 11.41 11.50 -
Aug 5, 2016  12.08 12.26 11.18 11.39 -
Aug 4, 2016  12.73 12.98 11.79 12.42 -
Aug 3, 2016  13.53 13.91 12.73 12.86 -
Aug 2, 2016  12.39 14.24 12.35 13.37 -
Aug 1, 2016  11.89 12.98 11.86 12.44 -
Jul 29, 2016 12.85 12.90 11.77 11.87 -
Jul 28, 2016 12.51 13.52 12.36 12.72 -
Jul 27, 2016 12.61 13.74 12.50 12.83 -
Jul 26, 2016 12.88 13.50 12.80 13.05 -
Jul 25, 2016 12.64 13.72 12.39 12.87 -
Jul 22, 2016 12.80 12.88 11.97 12.02 -
Jul 21, 2016 11.80 13.06 11.69 12.74 -
Jul 20, 2016 11.94 11.97 11.40 11.77 -
Jul 19, 2016 12.53 12.83 11.94 11.97 -
Jul 18, 2016 12.75 13.12 12.33 12.44 -
Jul 15, 2016 13.12 13.22 12.27 12.67 -
Jul 14, 2016 12.50 13.37 12.14 12.82 -
Jul 13, 2016 13.32 13.79 12.92 13.04 -
Jul 12, 2016 12.93 13.93 12.75 13.55 -
Jul 11, 2016 13.25 13.67 13.00 13.54 -
Jul 8, 2016  14.64 14.75 13.19 13.20 -
Jul 7, 2016  14.80 15.98 14.33 14.76 -
Jul 6, 2016  15.87 17.04 14.96 14.96 -
Jul 5, 2016  16.05 16.62 15.49 15.58 -
Jul 1, 2016  15.59 15.86 14.61 14.77 -
Jun 30, 2016 16.91 16.99 15.29 15.63 -
Jun 29, 2016 18.12 18.27 16.48 16.64 -
Jun 28, 2016 21.76 22.07 18.75 18.75 -
Jun 27, 2016 24.38 26.72 22.93 23.85 -
Jun 24, 2016 26.06 26.24 19.48 25.76 -
Jun 23, 2016 19.54 19.79 17.25 17.25 -
Jun 22, 2016 18.26 21.22 17.83 21.17 -
Jun 21, 2016 17.67 18.96 16.91 18.48 -
Jun 20, 2016 17.42 18.55 16.59 18.37 -
Jun 17, 2016 19.42 20.03 18.71 19.41 -
Jun 16, 2016 20.80 22.89 19.24 19.37 -
Jun 15, 2016 20.25 20.45 18.63 20.14 -
Jun 14, 2016 21.28 22.16 20.27 20.50 -
Jun 13, 2016 18.24 21.01 17.89 20.97 -
Jun 10, 2016 14.89 17.33 14.85 17.03 -
Jun 9, 2016  14.01 14.85 13.99 14.64 -
Jun 8, 2016  13.84 14.27 13.70 14.08 -
Jun 7, 2016  12.77 14.05 12.72 14.05 -
Jun 6, 2016  13.84 14.27 13.42 13.65 -
Jun 3, 2016  13.78 14.66 12.90 13.47 -
Jun 2, 2016  14.42 14.92 13.62 13.63 -
Jun 1, 2016  14.45 15.25 14.18 14.20 -
May 31, 2016 13.94 15.00 13.45 14.19 -
May 27, 2016 13.49 13.76 13.04 13.12 -
May 26, 2016 13.80 14.11 13.43 13.43 -
May 25, 2016 14.19 14.33 13.64 13.90 -
May 24, 2016 16.03 16.06 14.36 14.42 -
May 23, 2016 16.33 16.47 15.40 15.82 -
May 20, 2016 16.13 16.30 15.11 15.20 -
May 19, 2016 16.37 17.65 16.28 16.33 -
May 18, 2016 15.72 16.47 14.86 15.95 -
May 17, 2016 14.57 16.12 14.48 15.57 -
May 16, 2016 15.72 15.98 14.28 14.68 -
May 13, 2016 15.15 15.47 13.97 15.04 -
May 12, 2016 14.55 15.42 13.95 14.41 -
May 11, 2016 13.92 14.69 13.29 14.69 -
May 10, 2016 13.98 14.35 13.55 13.63 -
May 9, 2016  15.20 15.39 14.17 14.57 -
May 6, 2016  16.20 16.58 14.71 14.72 -
May 5, 2016  15.54 16.45 15.22 15.91 -
May 4, 2016  15.47 16.85 15.39 16.05 -
May 3, 2016  14.92 16.42 14.91 15.60 -
May 2, 2016  16.33 16.50 14.48 14.68 -
Apr 29, 2016 15.21 17.09 14.91 15.70 -
Apr 28, 2016 14.53 15.61 13.30 15.22 -
Apr 27, 2016 14.15 14.95 13.50 13.77 -
Apr 26, 2016 14.01 14.43 13.66 13.96 -
Apr 25, 2016 14.07 14.76 13.86 14.08 -
Apr 22, 2016 13.70 14.19 13.15 13.22 -
Apr 21, 2016 13.20 14.14 13.16 13.95 -
Apr 20, 2016 13.39 13.50 12.50 13.28 -
Apr 19, 2016 13.18 13.88 12.98 13.24 -
Apr 18, 2016 14.87 14.94 13.23 13.35 -
Apr 15, 2016 13.77 14.19 13.58 13.62 -
Apr 14, 2016 13.90 14.12 13.38 13.72 -
Apr 13, 2016 14.49 14.53 13.60 13.84 -
Apr 12, 2016 15.98 16.57 14.84 14.85 -
Apr 11, 2016 15.34 16.26 14.83 16.26 -
Apr 8, 2016  15.34 15.93 14.84 15.36 -
Apr 7, 2016  15.14 16.77 14.68 16.16 -
Apr 6, 2016  15.61 15.98 14.00 14.09 -
Apr 5, 2016  15.39 15.72 14.93 15.42 -
Apr 4, 2016  13.88 14.24 13.66 14.12 -
Apr 1, 2016  15.23 15.28 13.00 13.10 -
Mar 31, 2016 13.73 14.28 13.49 13.95 -
Mar 30, 2016 13.69 13.89 13.06 13.56 -
Mar 29, 2016 15.74 15.89 13.79 13.82 -
Mar 28, 2016 15.65 16.04 14.89 15.24 -
Mar 24, 2016 16.30 16.44 14.71 14.74 -
Mar 23, 2016 14.57 15.03 14.33 14.94 -
Mar 22, 2016 14.57 14.76 13.75 14.17 -
Mar 21, 2016 14.57 14.73 13.79 13.79 -
Mar 18, 2016 14.05 14.36 13.75 14.02 -
Mar 17, 2016 15.34 15.38 13.82 14.44 -
Mar 16, 2016 15.96 16.33 14.89 14.99 -
Mar 15, 2016 17.60 17.85 16.84 16.84 -
Mar 14, 2016 17.01 17.67 16.69 16.92 -
Mar 11, 2016 17.09 17.27 16.28 16.50 -
Mar 10, 2016 18.17 19.59 17.06 18.05 -
Mar 9, 2016  18.56 19.11 18.31 18.34 -
Mar 8, 2016  18.38 18.89 17.82 18.67 -
Mar 7, 2016  17.98 18.04 16.87 17.35 -
Mar 4, 2016  16.48 17.35 16.05 16.86 -
Mar 3, 2016  17.25 17.56 16.32 16.70 -
Mar 2, 2016  17.98 18.41 16.78 17.09 -
Mar 1, 2016  19.84 20.17 17.66 17.70 -
Feb 29, 2016 20.49 20.81 18.38 20.55 -
Feb 26, 2016 18.89 20.13 18.46 19.81 -
Feb 25, 2016 20.54 21.26 19.10 19.11 -
Feb 24, 2016 22.28 22.87 20.26 20.72 -
Feb 23, 2016 19.75 21.16 19.54 20.98 -
Feb 22, 2016 20.14 20.35 19.02 19.38 -
Feb 19, 2016 22.39 23.44 20.52 20.53 -
Feb 18, 2016 22.16 22.53 21.29 21.64 -
Feb 17, 2016 23.40 24.16 21.83 22.31 -
Feb 16, 2016 24.96 25.52 23.32 24.11 -
Feb 12, 2016 27.16 27.57 24.92 25.40 -
Feb 11, 2016 29.01 30.90 26.67 28.14 -
Feb 10, 2016 25.75 26.60 24.47 26.29 -
Feb 9, 2016  28.30 28.31 25.99 26.54 -
Feb 8, 2016  25.89 27.72 25.56 26.00 -
Feb 5, 2016  22.09 24.11 21.91 23.38 -
Feb 4, 2016  22.29 23.14 21.24 21.84 -
Feb 3, 2016  21.49 27.70 21.42 21.65 -
Feb 2, 2016  21.34 22.42 21.06 21.98 -
Feb 1, 2016  21.32 23.66 19.61 19.98 -
Jan 29, 2016 21.59 21.74 19.50 20.20 -
Jan 28, 2016 22.15 23.81 21.90 22.42 -
Jan 27, 2016 22.88 27.22 20.42 23.11 -
Jan 26, 2016 23.75 24.02 22.33 22.50 -
Jan 25, 2016 23.30 24.31 22.38 24.15 -
Jan 22, 2016 24.21 24.55 22.22 22.34 -
Jan 21, 2016 27.79 28.43 25.01 26.69 -
Jan 20, 2016 27.78 32.09 26.59 27.59 -
Jan 19, 2016 25.40 27.59 25.21 26.05 -
Jan 15, 2016 28.96 30.95 26.67 27.02 -
Jan 14, 2016 24.75 26.28 23.07 23.95 -
Jan 13, 2016 21.72 26.11 21.44 25.22 -
Jan 12, 2016 22.97 23.93 21.91 22.47 -
Jan 11, 2016 25.58 27.39 23.83 24.30 -
Jan 8, 2016  22.96 27.08 22.48 27.01 -
Jan 7, 2016  23.22 25.86 22.40 24.99 -
Jan 6, 2016  21.67 21.86 19.80 20.59 -
Jan 5, 2016  20.75 21.06 19.25 19.34 -
Jan 4, 2016  22.48 23.36 20.67 20.70 -
Dec 31, 2015 17.97 20.39 17.51 18.21 -
Dec 30, 2015 16.50 17.42 16.50 17.29 -
Dec 29, 2015 15.91 16.48 15.63 16.08 -
Dec 28, 2015 17.65 18.13 16.88 16.91 -
Dec 24, 2015 15.44 15.88 14.45 15.74 -
Dec 23, 2015 15.86 16.25 15.33 15.57 -
Dec 22, 2015 17.61 18.22 16.60 16.60 -
Dec 21, 2015 19.64 20.21 18.70 18.70 -
Dec 18, 2015 19.34 23.30 18.75 20.70 -
Dec 17, 2015 16.18 19.05 16.13 18.94 -
Dec 16, 2015 19.25 20.24 17.12 17.86 -
Dec 15, 2015 20.76 21.62 20.02 20.95 -
Dec 14, 2015 24.70 26.81 21.47 22.73 -
Dec 11, 2015 21.36 25.27 20.88 24.39 -
Dec 10, 2015 19.25 19.72 18.13 19.34 -
Dec 9, 2015  18.05 20.13 15.72 19.61 -
Dec 8, 2015  17.69 18.33 16.52 17.60 -
Dec 7, 2015  15.65 17.18 15.58 15.84 -
Dec 4, 2015  17.43 17.65 14.69 14.81 -
Dec 3, 2015  15.87 19.35 15.86 18.11 -
Dec 2, 2015  15.04 16.49 14.71 15.91 -
Dec 1, 2015  15.61 16.34 14.63 14.67 -
Nov 30, 2015 15.55 16.57 15.52 16.13 -
Nov 27, 2015 15.31 16.09 15.12 15.12 -
Nov 25, 2015 15.55 15.89 15.05 15.19 -
Nov 24, 2015 16.53 17.21 15.48 15.93 -
Nov 23, 2015 16.15 16.74 15.38 15.62 -
Nov 20, 2015 16.13 16.38 15.47 15.47 -
Nov 19, 2015 16.25 18.26 16.00 16.99 -
Nov 18, 2015 19.01 19.45 16.80 16.85 -
Nov 17, 2015 17.82 19.59 16.86 18.84 -
Nov 16, 2015 20.51 20.55 17.25 18.16 -
Nov 13, 2015 18.68 20.67 18.20 20.08 -
Nov 12, 2015 17.06 18.50 16.65 18.37 -
Nov 11, 2015 15.07 16.15 15.02 16.06 -
Nov 10, 2015 16.69 16.96 15.24 15.29 -
Nov 9, 2015  15.34 17.09 15.14 16.52 -
Nov 6, 2015  14.91 16.00 14.32 14.33 -
Nov 5, 2015  15.39 16.39 15.00 15.05 -
Nov 4, 2015  14.04 15.88 13.96 15.51 -
Nov 3, 2015  14.33 14.73 13.81 14.54 -
Nov 2, 2015  15.41 15.51 13.67 14.15 -
Oct 30, 2015 14.60 15.39 14.00 15.07 -
Oct 29, 2015 14.80 15.46 14.33 14.61 -
Oct 28, 2015 15.14 15.73 12.80 14.33 -
Oct 27, 2015 15.75 15.99 14.78 15.43 -
Oct 26, 2015 14.76 15.43 14.68 15.29 -
Oct 23, 2015 13.46 15.12 13.24 14.46 -
Oct 22, 2015 15.02 15.92 14.45 14.45 -
Oct 21, 2015 14.98 16.70 14.41 16.70 -
Oct 20, 2015 15.17 16.34 14.72 15.75 -
Oct 19, 2015 15.68 16.23 14.82 14.98 -
Oct 16, 2015 15.64 16.86 15.05 15.05 -
Oct 15, 2015 17.62 17.85 16.04 16.05 -
Oct 14, 2015 17.67 18.78 17.30 18.03 -
Oct 13, 2015 17.08 17.70 16.14 17.67 -
Oct 12, 2015 17.68 17.81 16.15 16.17 -
Oct 9, 2015  17.15 18.20 16.89 17.08 -
Oct 8, 2015  18.62 19.02 16.34 17.42 -
Oct 7, 2015  18.96 19.73 18.33 18.40 -
Oct 6, 2015  19.54 20.32 18.82 19.40 -
Oct 5, 2015  20.31 20.42 19.14 19.54 -
Oct 2, 2015  23.99 24.47 20.35 20.94 -
Oct 1, 2015  23.14 25.23 22.55 22.55 -
Sep 30, 2015 24.64 25.88 23.25 24.50 -
Sep 29, 2015 26.57 28.20 25.76 26.83 -
Sep 28, 2015 25.02 28.33 24.94 27.63 -
Sep 25, 2015 21.12 24.29 20.81 23.62 -
Sep 24, 2015 23.53 25.30 21.81 23.47 -
Sep 23, 2015 22.09 23.20 21.14 22.13 -
Sep 22, 2015 22.97 26.29 22.25 22.44 -
Sep 21, 2015 21.97 22.48 20.05 20.14 -
Sep 18, 2015 23.07 23.99 20.98 22.28 -
Sep 17, 2015 21.54 23.33 17.87 21.14 -
Sep 16, 2015 22.57 22.94 21.09 21.35 -
Sep 15, 2015 23.28 23.77 22.13 22.54 -
Sep 14, 2015 24.03 25.32 23.64 24.25 -
Sep 11, 2015 25.38 25.81 23.15 23.20 -
Sep 10, 2015 26.87 27.22 23.53 24.37 -
Sep 9, 2015  22.39 26.82 21.51 26.23 -
Sep 8, 2015  25.05 26.25 24.13 24.90 -
Sep 4, 2015  27.43 29.47 25.68 27.80 -
Sep 3, 2015  25.21 26.31 23.45 25.61 -
Sep 2, 2015  29.14 30.45 24.77 26.09 -
Sep 1, 2015  31.91 33.82 29.91 31.40 -
Aug 31, 2015 27.03 29.37 26.63 28.43 -
Aug 28, 2015 26.69 29.20 25.77 26.05 -
Aug 27, 2015 27.11 29.90 24.49 26.10 -
Aug 26, 2015 31.13 35.62 28.67 30.32 -
Aug 25, 2015 31.13 38.06 28.08 36.02 -
Aug 24, 2015 28.03 51.27 28.03 40.74 -
Aug 21, 2015 22.55 28.38 20.80 28.03 -
Aug 20, 2015 16.55 19.24 16.13 19.14 -
Aug 19, 2015 14.84 15.96 13.73 15.25 -
Aug 18, 2015 13.41 13.94 13.17 13.79 -
Aug 17, 2015 14.32 14.52 13.01 13.02 -
Aug 14, 2015 13.69 13.87 12.80 12.83 -
Aug 13, 2015 13.87 14.33 13.06 13.49 -
Aug 12, 2015 15.19 16.28 13.45 13.61 -
Aug 11, 2015 13.24 14.33 13.02 13.71 -
Aug 10, 2015 12.73 12.78 12.18 12.23 -
Aug 7, 2015  13.57 14.58 13.29 13.39 -
Aug 6, 2015  12.20 14.25 12.16 13.77 -
Aug 5, 2015  12.02 12.72 10.88 12.51 -
Aug 4, 2015  12.66 13.22 12.29 13.00 -
Aug 3, 2015  12.85 13.55 12.32 12.56 -
Jul 31, 2015 12.03 12.63 11.82 12.12 -
Jul 30, 2015 12.72 13.42 12.09 12.13 -
Jul 29, 2015 13.57 13.59 11.85 12.50 -
Jul 28, 2015 14.87 15.62 13.32 13.44 -
Jul 27, 2015 15.60 16.27 15.03 15.60 -
Jul 24, 2015 12.87 14.73 12.86 13.74 -
Jul 23, 2015 12.06 13.08 11.73 12.64 -
Jul 22, 2015 12.77 12.83 12.05 12.12 -
Jul 21, 2015 12.42 12.79 12.21 12.22 -
Jul 20, 2015 12.25 12.37 11.71 12.25 -
Jul 17, 2015 11.77 12.22 11.77 11.95 -
Jul 16, 2015 12.59 12.61 11.87 12.11 -
Jul 15, 2015 13.35 13.97 12.81 13.23 -
Jul 14, 2015 13.91 13.95 12.90 13.37 -
Jul 13, 2015 15.29 15.36 13.82 13.90 -
Jul 10, 2015 17.45 18.17 16.60 16.83 -
Jul 9, 2015  17.46 20.05 17.20 19.97 -
Jul 8, 2015  17.38 19.76 16.94 19.66 -
Jul 7, 2015  17.22 19.20 15.93 16.09 -
Jul 6, 2015  18.65 18.95 16.57 17.01 -
Jul 2, 2015  15.43 17.48 15.39 16.79 -
Jul 1, 2015  16.63 17.26 15.65 16.09 -
Jun 30, 2015 17.60 19.80 17.49 18.23 -
Jun 29, 2015 16.70 19.50 15.82 18.85 -
Jun 26, 2015 14.13 14.91 13.64 14.02 -
Jun 25, 2015 12.96 14.16 12.92 14.01 -
Jun 24, 2015 12.57 13.33 12.01 13.26 -
Jun 23, 2015 12.50 12.68 11.93 12.11 -
Jun 22, 2015 13.42 13.46 12.43 12.74 -
Jun 19, 2015 13.35 14.00 12.96 13.96 -
Jun 18, 2015 14.03 14.03 12.54 13.19 -
Jun 17, 2015 14.66 15.49 14.07 14.50 -
Jun 16, 2015 15.62 15.62 14.81 14.81 -
Jun 15, 2015 15.48 15.57 14.91 15.39 -
Jun 12, 2015 13.31 14.02 13.30 13.78 -
Jun 11, 2015 13.04 13.22 12.56 12.85 -
Jun 10, 2015 14.24 14.37 12.96 13.22 -
Jun 9, 2015  15.18 15.74 14.47 14.47 -
Jun 8, 2015  14.84 15.50 14.67 15.29 -
Jun 5, 2015  15.01 15.65 14.21 14.21 -
Jun 4, 2015  14.57 15.49 13.99 14.71 -
Jun 3, 2015  13.73 14.20 13.40 13.66 -
Jun 2, 2015  14.72 15.05 13.59 14.24 -
Jun 1, 2015  13.92 14.86 13.47 13.97 -
May 29, 2015 13.59 14.43 13.40 13.84 -
May 28, 2015 13.49 13.99 13.31 13.31 -
May 27, 2015 14.16 14.41 13.05 13.27 -
May 26, 2015 13.45 14.63 13.34 14.06 -
May 22, 2015 12.37 12.37 11.82 12.13 -
May 21, 2015 13.03 13.09 12.09 12.11 -
May 20, 2015 12.90 13.27 12.62 12.88 -
May 19, 2015 12.95 13.13 12.55 12.85 -
May 18, 2015 13.08 13.22 12.55 12.73 -
May 15, 2015 12.46 13.09 12.35 12.38 -
May 14, 2015 13.14 13.29 12.72 12.74 -
May 13, 2015 13.63 14.04 13.06 13.76 -
May 12, 2015 14.73 15.13 13.73 13.86 -
May 11, 2015 13.35 13.85 13.00 13.85 -
May 8, 2015  13.36 13.42 12.70 12.86 -
May 7, 2015  15.48 15.97 14.81 15.13 -
May 6, 2015  13.93 16.36 13.89 15.15 -
May 5, 2015  13.21 14.41 12.97 14.31 -
May 4, 2015  13.12 13.18 12.10 12.85 -
May 1, 2015  13.98 13.98 12.68 12.70 -
Apr 30, 2015 13.89 15.29 12.49 14.55 -
Apr 29, 2015 13.44 14.34 12.61 13.39 -
Apr 28, 2015 13.26 14.23 12.41 12.41 -
Apr 27, 2015 12.34 13.40 12.33 13.12 -
Apr 24, 2015 12.21 13.02 12.16 12.29 -
Apr 23, 2015 12.96 12.96 12.12 12.48 -
Apr 22, 2015 12.97 13.80 12.57 12.71 -
Apr 21, 2015 12.75 13.51 12.66 13.25 -
Apr 20, 2015 13.67 13.67 12.83 13.30 -
Apr 17, 2015 13.97 15.02 13.73 13.89 -
Apr 16, 2015 13.27 13.35 12.50 12.60 -
Apr 15, 2015 13.58 13.58 12.83 12.84 -
Apr 14, 2015 14.34 14.74 13.64 13.67 -
Apr 13, 2015 13.17 14.31 12.71 13.94 -
Apr 10, 2015 13.20 13.26 12.51 12.58 -
Apr 9, 2015  14.14 14.59 13.09 13.09 -
Apr 8, 2015  14.59 14.77 13.75 13.98 -
Apr 7, 2015  14.57 14.81 14.01 14.78 -
Apr 6, 2015  15.75 15.76 14.04 14.74 -
Apr 2, 2015  15.30 15.51 14.27 14.67 -
Apr 1, 2015  15.32 16.66 15.08 15.11 -
Mar 31, 2015 14.97 15.74 14.33 15.29 -
Mar 30, 2015 14.76 14.76 14.08 14.51 -
Mar 27, 2015 15.73 15.83 14.19 15.07 -
Mar 26, 2015 16.64 17.19 15.23 15.80 -
Mar 25, 2015 13.26 15.55 13.20 15.44 -
Mar 24, 2015 13.36 13.68 12.59 13.62 -
Mar 23, 2015 13.52 13.53 12.89 13.41 -
Mar 20, 2015 13.52 13.53 12.54 13.02 -
Mar 19, 2015 14.68 14.97 13.84 14.07 -
Mar 18, 2015 14.60 16.29 13.38 13.97 -
Mar 17, 2015 16.31 16.37 15.66 15.66 -
Mar 16, 2015 15.78 15.89 15.36 15.61 -
Mar 13, 2015 15.47 16.74 15.32 16.00 -
Mar 12, 2015 16.45 16.45 15.30 15.42 -
Mar 11, 2015 16.44 17.19 16.29 16.87 -
Mar 10, 2015 16.47 16.91 16.03 16.69 -
Mar 9, 2015  15.72 15.76 14.71 15.06 -
Mar 6, 2015  14.61 15.83 14.18 15.20 -
Mar 5, 2015  14.01 14.58 13.88 14.04 -
Mar 4, 2015  14.28 14.71 14.13 14.23 -
Mar 3, 2015  13.35 14.69 13.25 13.86 -
Mar 2, 2015  13.90 13.90 12.87 13.04 -
Feb 27, 2015 14.07 14.17 13.29 13.34 -
Feb 26, 2015 13.55 14.57 13.55 13.91 -
Feb 25, 2015 13.64 14.06 12.86 13.84 -
Feb 24, 2015 14.50 14.63 13.53 13.69 -
Feb 23, 2015 15.05 15.48 14.49 14.56 -
Feb 20, 2015 15.73 16.29 14.27 14.30 -
Feb 19, 2015 16.11 16.22 15.10 15.29 -
Feb 18, 2015 16.74 16.74 15.44 15.45 -
Feb 17, 2015 15.85 16.33 15.53 15.80 -
Feb 13, 2015 15.11 15.64 14.69 14.69 -
Feb 12, 2015 16.39 16.47 15.28 15.34 -
Feb 11, 2015 17.43 17.81 16.82 16.96 -
Feb 10, 2015 17.72 18.36 16.97 17.23 -
Feb 9, 2015  19.16 19.28 18.21 18.55 -
Feb 6, 2015  16.29 18.74 16.06 17.29 -
Feb 5, 2015  17.29 17.43 16.67 16.85 -
Feb 4, 2015  17.82 18.38 16.82 18.33 -
Feb 3, 2015  18.41 18.89 17.20 17.33 -
Feb 2, 2015  20.89 22.81 19.35 19.43 -
Jan 30, 2015 20.23 22.18 19.24 20.97 -
Jan 29, 2015 20.46 21.56 18.66 18.76 -
Jan 28, 2015 16.97 20.44 16.92 20.44 -
Jan 27, 2015 17.60 18.41 16.67 17.22 -
Jan 26, 2015 16.96 17.43 15.52 15.52 -
Jan 23, 2015 16.79 17.09 15.81 16.66 -
Jan 22, 2015 17.98 19.23 16.07 16.40 -
Jan 21, 2015 20.92 21.28 18.64 18.85 -
Jan 20, 2015 20.07 21.37 19.58 19.89 -
Jan 16, 2015 22.80 23.43 20.95 20.95 -
Jan 15, 2015 21.23 23.31 20.86 22.39 -
Jan 14, 2015 22.87 23.34 21.32 21.48 -
Jan 13, 2015 18.21 21.58 17.65 20.56 -
Jan 12, 2015 18.02 20.44 18.02 19.60 -
Jan 9, 2015  16.44 18.42 16.44 17.55 -
Jan 8, 2015  17.93 18.09 16.99 17.01 -
Jan 7, 2015  20.15 20.72 19.04 19.31 -
Jan 6, 2015  20.33 22.90 19.52 21.12 -
Jan 5, 2015  19.19 21.29 19.19 19.92 -
Jan 2, 2015  17.76 20.14 17.05 17.79 -
Dec 31, 2014 15.91 19.91 15.86 19.20 -
Dec 30, 2014 15.90 16.20 15.48 15.92 -
Dec 29, 2014 16.04 16.14 15.06 15.06 -
Dec 26, 2014 14.60 14.84 14.13 14.50 -
Dec 24, 2014 14.52 14.54 14.01 14.37 -
Dec 23, 2014 14.47 15.21 14.32 14.80 -
Dec 22, 2014 16.32 16.88 15.03 15.25 -
Dec 19, 2014 16.57 17.20 16.11 16.49 -
Dec 18, 2014 17.14 18.51 16.07 16.81 -
Dec 17, 2014 23.90 24.61 19.26 19.44 -
Dec 16, 2014 23.55 25.20 19.60 23.57 -
Dec 15, 2014 19.59 24.83 17.77 20.42 -
Dec 12, 2014 20.51 23.06 18.34 21.08 -
Dec 11, 2014 17.68 20.13 15.94 20.08 -
Dec 10, 2014 15.56 18.92 15.40 18.53 -
Dec 9, 2014  16.23 16.68 14.84 14.89 -
Dec 8, 2014  13.05 14.67 12.55 14.21 -
Dec 5, 2014  12.08 12.28 11.53 11.82 -
Dec 4, 2014  12.70 13.23 12.09 12.38 -
Dec 3, 2014  12.75 12.88 12.21 12.47 -
Dec 2, 2014  14.10 14.17 12.85 12.85 -
Dec 1, 2014  14.16 14.75 13.94 14.29 -
Nov 28, 2014 12.64 13.49 12.36 13.33 -
Nov 26, 2014 12.27 12.40 11.91 12.07 -
Nov 25, 2014 12.55 13.02 12.23 12.25 -
Nov 24, 2014 12.92 13.02 12.43 12.62 -
Nov 21, 2014 13.16 13.80 12.90 12.90 -
Nov 20, 2014 14.66 15.74 13.58 13.58 -
Nov 19, 2014 14.01 14.78 13.83 13.96 -
Nov 18, 2014 13.86 13.99 13.13 13.86 -
Nov 17, 2014 14.70 14.73 13.84 13.99 -
Nov 14, 2014 13.79 14.15 13.31 13.31 -
Nov 13, 2014 13.33 14.31 12.87 13.79 -
Nov 12, 2014 13.76 13.76 12.99 13.02 -
Nov 11, 2014 12.71 13.18 12.60 12.92 -
Nov 10, 2014 13.16 13.25 12.38 12.67 -
Nov 7, 2014  13.71 14.16 13.01 13.12 -
Nov 6, 2014  14.46 15.08 13.67 13.67 -
Nov 5, 2014  14.15 14.99 14.15 14.17 -
Nov 4, 2014  15.05 15.93 14.83 14.89 -
Nov 3, 2014  14.41 14.99 14.23 14.73 -
Oct 31, 2014 13.84 14.83 13.72 14.03 -
Oct 30, 2014 15.31 15.75 14.07 14.52 -
Oct 29, 2014 14.61 16.28 14.19 15.15 -
Oct 28, 2014 15.69 15.78 14.39 14.39 -
Oct 27, 2014 17.24 17.87 16.00 16.04 -
Oct 24, 2014 16.43 18.06 16.09 16.11 -
Oct 23, 2014 16.07 17.06 15.68 16.53 -
Oct 22, 2014 16.06 18.43 15.56 17.87 -
Oct 21, 2014 17.72 17.75 16.03 16.08 -
Oct 20, 2014 22.11 22.16 18.51 18.57 -
Oct 17, 2014 21.68 23.08 20.23 21.99 -
Oct 16, 2014 29.26 29.41 24.61 25.20 -
Oct 15, 2014 26.36 31.06 24.64 26.25 -
Oct 14, 2014 23.77 24.55 21.48 22.79 -
Oct 13, 2014 21.16 24.64 20.52 24.64 -
Oct 10, 2014 19.11 22.06 18.14 21.24 -
Oct 9, 2014  15.64 19.38 15.34 18.76 -
Oct 8, 2014  17.35 18.03 14.97 15.11 -
Oct 7, 2014  16.18 17.46 15.97 17.20 -
Oct 6, 2014  14.46 15.77 14.05 15.46 -
Oct 3, 2014  15.16 15.43 14.44 14.55 -
Oct 2, 2014  16.70 17.98 15.90 16.16 -
Oct 1, 2014  16.44 17.56 16.08 16.71 -
Sep 30, 2014 15.49 16.43 15.18 16.31 -
Sep 29, 2014 16.96 17.08 15.45 15.98 -
Sep 26, 2014 15.77 15.98 14.31 14.85 -
Sep 25, 2014 14.11 16.69 14.03 15.64 -
Sep 24, 2014 14.62 14.93 13.24 13.27 -
Sep 23, 2014 14.82 14.94 13.83 14.93 -
Sep 22, 2014 13.14 13.98 13.13 13.69 -
Sep 19, 2014 11.73 12.61 11.52 12.11 -
Sep 18, 2014 12.55 12.58 11.98 12.03 -
Sep 17, 2014 13.06 14.53 11.73 12.65 -
Sep 16, 2014 14.48 14.53 12.72 12.73 -
Sep 15, 2014 13.54 14.19 13.54 14.12 -
Sep 12, 2014 12.85 14.27 12.85 13.31 -
Sep 11, 2014 13.53 13.67 12.66 12.80 -
Sep 10, 2014 13.36 14.06 12.86 12.88 -
Sep 9, 2014  12.70 13.91 12.70 13.50 -
Sep 8, 2014  12.64 13.09 12.40 12.66 -
Sep 5, 2014  12.37 13.18 11.96 12.09 -
Sep 4, 2014  12.40 12.99 11.70 12.64 -
Sep 3, 2014  12.03 12.55 11.91 12.36 -
Sep 2, 2014  12.32 13.41 12.23 12.25 -
Aug 29, 2014 11.86 12.44 11.78 11.98 -
Aug 28, 2014 12.38 12.73 12.05 12.05 -
Aug 27, 2014 11.69 11.93 11.54 11.78 -
Aug 26, 2014 11.33 11.93 11.33 11.63 -
Aug 25, 2014 11.58 11.77 11.24 11.70 -
Aug 22, 2014 11.88 12.48 11.47 11.47 -
Aug 21, 2014 11.93 13.51 11.52 11.76 -
Aug 20, 2014 12.23 12.24 11.60 11.78 -
Aug 19, 2014 12.14 12.46 11.91 12.21 -
Aug 18, 2014 12.85 12.85 12.26 12.32 -
Aug 15, 2014 11.91 14.94 11.89 13.15 -
Aug 14, 2014 13.05 13.13 12.42 12.42 -
Aug 13, 2014 13.57 13.93 12.84 12.90 -
Aug 12, 2014 14.42 14.74 13.76 14.13 -
Aug 11, 2014 15.16 15.16 13.72 14.23 -
Aug 8, 2014  16.43 17.09 15.53 15.77 -
Aug 7, 2014  15.50 17.25 15.44 16.66 -
Aug 6, 2014  17.22 17.30 15.70 16.37 -
Aug 5, 2014  15.54 17.14 15.10 16.87 -
Aug 4, 2014  16.64 16.80 14.69 15.12 -
Aug 1, 2014  16.67 17.57 15.52 17.03 -
Jul 31, 2014 14.35 17.11 14.26 16.95 -
Jul 30, 2014 12.63 14.07 12.53 13.33 -
Jul 29, 2014 12.35 13.35 12.12 13.28 -
Jul 28, 2014 12.93 13.64 12.54 12.56 -
Jul 25, 2014 12.03 12.75 12.03 12.69 -
Jul 24, 2014 11.43 12.06 11.43 11.84 -
Jul 23, 2014 11.54 12.16 11.41 11.52 -
Jul 22, 2014 11.97 12.24 11.69 12.24 -
Jul 21, 2014 12.85 13.62 12.46 12.81 -
Jul 18, 2014 13.34 13.55 12.04 12.06 -
Jul 17, 2014 11.35 15.38 10.85 14.54 -
Jul 16, 2014 10.81 11.45 10.59 11.00 -
Jul 15, 2014 11.53 12.47 11.46 11.96 -
Jul 14, 2014 11.60 11.83 11.40 11.82 -
Jul 11, 2014 12.50 12.68 12.07 12.08 -
Jul 10, 2014 13.22 13.23 12.05 12.59 -
Jul 9, 2014  11.74 12.05 11.50 11.65 -
Jul 8, 2014  11.72 12.51 11.72 11.98 -
Jul 7, 2014  11.15 11.54 11.01 11.33 -
Jul 3, 2014  10.47 10.76 10.28 10.32 -
Jul 2, 2014  11.18 11.18 10.56 10.82 -
Jul 1, 2014  11.28 11.42 10.92 11.15 -
Jun 30, 2014 11.75 11.81 11.30 11.57 -
Jun 27, 2014 11.72 12.04 11.19 11.26 -
Jun 26, 2014 11.51 12.51 11.50 11.63 -
Jun 25, 2014 12.31 12.33 11.37 11.59 -
Jun 24, 2014 11.02 12.27 10.87 12.13 -
Jun 23, 2014 11.26 11.35 10.92 10.98 -
Jun 20, 2014 10.40 11.02 10.34 10.85 -
Jun 19, 2014 10.53 10.82 10.42 10.62 -
Jun 18, 2014 11.80 11.91 10.57 10.61 -
Jun 17, 2014 12.81 12.89 12.06 12.06 -
Jun 16, 2014 12.65 12.87 12.28 12.65 -
Jun 13, 2014 12.45 12.69 11.89 12.18 -
Jun 12, 2014 11.81 12.81 11.71 12.56 -
Jun 11, 2014 11.42 11.87 11.19 11.60 -
Jun 10, 2014 11.30 11.66 10.93 10.99 -
Jun 9, 2014  11.23 11.51 10.99 11.15 -
Jun 6, 2014  11.32 11.39 10.73 10.73 -
Jun 5, 2014  12.09 12.34 11.44 11.68 -
Jun 4, 2014  12.15 12.33 11.91 12.08 -
Jun 3, 2014  12.03 12.13 11.72 11.87 -
Jun 2, 2014  11.69 12.17 11.29 11.58 -
May 30, 2014 11.66 11.70 11.32 11.40 -
May 29, 2014 11.58 11.82 11.41 11.57 -
May 28, 2014 11.60 11.86 11.50 11.68 -
May 27, 2014 11.69 11.84 11.50 11.51 -
May 23, 2014 11.96 11.97 11.36 11.36 -
May 22, 2014 11.93 12.09 11.68 12.03 -
May 21, 2014 12.38 12.46 11.80 11.91 -
May 20, 2014 12.69 13.30 12.32 12.96 -
May 19, 2014 13.17 13.21 12.28 12.42 -
May 16, 2014 13.31 13.66 12.26 12.44 -
May 15, 2014 12.73 13.77 12.72 13.17 -
May 14, 2014 12.42 12.51 12.03 12.17 -
May 13, 2014 12.36 12.74 12.05 12.13 -
May 12, 2014 12.46 12.58 11.88 12.23 -
May 9, 2014  13.55 14.03 12.87 12.92 -
May 8, 2014  13.69 13.88 12.92 13.43 -
May 7, 2014  13.64 14.49 13.39 13.40 -
May 6, 2014  13.65 13.90 13.28 13.80 -
May 5, 2014  13.95 14.20 13.08 13.29 -
May 2, 2014  13.15 13.50 12.83 12.91 -
May 1, 2014  13.64 13.75 13.10 13.25 -
Apr 30, 2014 14.05 14.18 13.34 13.41 -
Apr 29, 2014 13.88 14.24 13.61 13.71 -
Apr 28, 2014 14.27 15.28 13.82 13.97 -
Apr 25, 2014 13.93 14.67 13.91 14.06 -
Apr 24, 2014 13.36 14.08 13.09 13.32 -
Apr 23, 2014 13.35 13.75 13.27 13.27 -
Apr 22, 2014 13.13 13.26 12.90 13.19 -
Apr 21, 2014 14.10 14.11 13.17 13.25 -
Apr 17, 2014 14.09 14.17 13.07 13.36 -
Apr 16, 2014 14.89 15.27 14.05 14.18 -
Apr 15, 2014 16.14 17.50 15.47 15.61 -
Apr 14, 2014 16.14 17.40 16.10 16.11 -
Apr 11, 2014 16.66 17.85 15.89 17.03 -
Apr 10, 2014 13.98 16.38 13.81 15.89 -
Apr 9, 2014  14.58 14.94 13.70 13.82 -
Apr 8, 2014  15.59 16.20 14.81 14.89 -
Apr 7, 2014  14.96 16.01 14.57 15.57 -
Apr 4, 2014  12.88 14.55 12.60 13.96 -
Apr 3, 2014  13.02 13.70 13.02 13.37 -
Apr 2, 2014  13.17 13.35 12.92 13.09 -
Apr 1, 2014  13.43 13.56 13.06 13.10 -
Mar 31, 2014 13.88 14.16 13.57 13.88 -
Mar 28, 2014 14.15 14.86 13.73 14.41 -
Mar 27, 2014 15.00 15.63 14.49 14.62 -
Mar 26, 2014 13.64 15.28 13.46 14.93 -
Mar 25, 2014 14.16 15.05 13.96 14.02 -
Mar 24, 2014 14.70 16.07 14.56 15.09 -
Mar 21, 2014 13.96 15.17 13.77 15.00 -
Mar 20, 2014 15.58 15.62 14.50 14.52 -
Mar 19, 2014 14.56 15.95 13.89 15.12 -
Mar 18, 2014 15.42 15.47 14.16 14.52 -
Mar 17, 2014 16.39 16.40 15.37 15.64 -
Mar 14, 2014 16.74 18.22 16.09 17.82 -
Mar 13, 2014 14.28 16.66 14.24 16.22 -
Mar 12, 2014 15.37 15.64 14.43 14.47 -
Mar 11, 2014 14.22 14.93 13.84 14.80 -
Mar 10, 2014 14.76 15.28 14.20 14.20 -
Mar 7, 2014  13.51 14.43 13.51 14.11 -
Mar 6, 2014  13.82 14.42 13.73 14.21 -
Mar 5, 2014  14.13 14.32 13.81 13.89 -
Mar 4, 2014  14.53 14.54 14.00 14.10 -
Mar 3, 2014  16.47 16.78 15.38 16.00 -
Feb 28, 2014 14.22 14.79 13.49 14.00 -
Feb 27, 2014 14.56 14.69 13.92 14.04 -
Feb 26, 2014 13.83 14.54 13.73 14.35 -
Feb 25, 2014 14.17 14.83 13.66 13.67 -
Feb 24, 2014 14.83 14.83 13.97 14.23 -
Feb 21, 2014 14.74 14.79 14.19 14.68 -
Feb 20, 2014 15.28 15.80 14.59 14.79 -
Feb 19, 2014 14.85 15.73 14.12 15.50 -
Feb 18, 2014 13.95 14.51 13.77 13.87 -
Feb 14, 2014 14.21 14.22 13.44 13.57 -
Feb 13, 2014 15.24 15.24 13.98 14.14 -
Feb 12, 2014 14.31 14.64 14.02 14.30 -
Feb 11, 2014 15.29 15.29 14.08 14.51 -
Feb 10, 2014 15.63 15.76 15.10 15.26 -
Feb 7, 2014  16.15 16.31 15.09 15.29 -
Feb 6, 2014  19.09 19.09 17.09 17.23 -
Feb 5, 2014  19.59 20.72 19.13 19.95 -
Feb 4, 2014  19.99 20.07 18.44 19.11 -
Feb 3, 2014  18.57 21.48 18.34 21.44 -
Jan 31, 2014 18.71 18.99 17.27 18.41 -
Jan 30, 2014 16.37 17.39 15.96 17.29 -
Jan 29, 2014 17.95 18.04 16.71 17.35 -
Jan 28, 2014 17.27 17.28 15.80 15.80 -
Jan 27, 2014 17.29 18.99 16.85 17.42 -
Jan 24, 2014 14.95 18.14 14.92 18.14 -
Jan 23, 2014 13.67 14.66 13.67 13.77 -
Jan 22, 2014 12.57 13.12 12.55 12.84 -
Jan 21, 2014 12.63 13.42 12.61 12.87 -
Jan 17, 2014 12.34 12.93 12.04 12.44 -
Jan 16, 2014 12.32 12.66 12.28 12.53 -
Jan 15, 2014 12.15 12.40 11.81 12.28 -
Jan 14, 2014 12.89 12.90 11.96 12.28 -
Jan 13, 2014 12.18 13.65 11.82 13.28 -
Jan 10, 2014 12.60 12.90 12.14 12.14 -
Jan 9, 2014  12.83 13.26 12.83 12.89 -
Jan 8, 2014  13.04 13.24 12.86 12.87 -
Jan 7, 2014  12.38 13.28 12.16 12.92 -
Jan 6, 2014  13.41 14.00 13.22 13.55 -
Jan 3, 2014  14.06 14.22 13.57 13.76 -
Jan 2, 2014  14.32 14.59 14.00 14.23 -
Dec 31, 2013 13.43 14.35 13.38 13.72 -
Dec 30, 2013 12.87 13.58 12.83 13.56 -
Dec 27, 2013 12.21 12.59 12.20 12.46 -
Dec 26, 2013 12.48 12.50 11.69 12.33 -
Dec 24, 2013 12.85 12.89 12.48 12.48 -
Dec 23, 2013 13.37 13.53 13.02 13.04 -
Dec 20, 2013 13.61 13.87 13.12 13.79 -
Dec 19, 2013 13.59 14.21 12.89 14.15 -
Dec 18, 2013 15.95 16.75 13.74 13.80 -
Dec 17, 2013 16.04 16.67 15.81 16.21 -
Dec 16, 2013 15.64 16.08 15.30 16.03 -
Dec 13, 2013 15.17 15.80 15.06 15.76 -
Dec 12, 2013 15.44 16.09 15.21 15.54 -
Dec 11, 2013 13.98 15.43 13.98 15.42 -
Dec 10, 2013 14.14 14.22 13.69 13.91 -
Dec 9, 2013  13.97 14.07 13.49 13.49 -
Dec 6, 2013  13.97 14.09 13.62 13.79 -
Dec 5, 2013  14.82 15.38 14.70 15.08 -
Dec 4, 2013  15.03 15.71 14.22 14.70 -
Dec 3, 2013  14.74 15.04 14.43 14.55 -
Dec 2, 2013  13.91 14.31 13.78 14.23 -
Nov 29, 2013 13.06 13.78 12.93 13.70 -
Nov 27, 2013 12.81 12.98 12.44 12.98 -
Nov 26, 2013 12.84 12.99 12.49 12.81 -
Nov 25, 2013 12.55 12.92 12.49 12.79 -
Nov 22, 2013 12.69 12.91 12.24 12.26 -
Nov 21, 2013 13.09 13.09 12.44 12.66 -
Nov 20, 2013 13.56 13.94 12.97 13.40 -
Nov 19, 2013 13.03 13.68 12.88 13.39 -
Nov 18, 2013 12.41 13.22 12.41 13.10 -
Nov 15, 2013 12.12 12.45 11.99 12.19 -
Nov 14, 2013 12.80 12.94 12.28 12.37 -
Nov 13, 2013 13.35 13.35 12.46 12.52 -
Nov 12, 2013 12.80 13.06 12.63 12.82 -
Nov 11, 2013 12.85 12.93 12.40 12.53 -
Nov 8, 2013  13.76 13.80 12.84 12.90 -
Nov 7, 2013  12.99 14.14 12.93 13.91 -
Nov 6, 2013  13.01 13.33 12.67 12.67 -
Nov 5, 2013  13.22 13.64 12.86 13.27 -
Nov 4, 2013  13.35 13.67 12.91 12.93 -
Nov 1, 2013  13.46 13.92 13.22 13.28 -
Oct 31, 2013 13.83 14.02 13.28 13.75 -
Oct 30, 2013 13.72 19.53 13.64 13.65 -
Oct 29, 2013 13.25 13.63 13.06 13.41 -
Oct 28, 2013 13.62 13.72 13.22 13.31 -
Oct 25, 2013 13.16 13.44 13.08 13.09 -
Oct 24, 2013 13.50 13.62 13.15 13.20 -
Oct 23, 2013 13.71 14.21 13.42 13.42 -
Oct 22, 2013 12.99 13.92 12.93 13.33 -
Oct 21, 2013 13.34 13.63 13.07 13.16 -
Oct 18, 2013 12.86 13.53 12.34 13.04 -
Oct 17, 2013 14.52 14.59 12.89 13.48 -
Oct 16, 2013 17.14 17.15 14.67 14.71 -
Oct 15, 2013 16.41 18.67 16.16 18.66 -
Oct 14, 2013 17.08 17.74 15.80 16.07 -
Oct 11, 2013 16.31 16.38 15.46 15.72 -
Oct 10, 2013 17.66 17.92 16.29 16.48 -
Oct 9, 2013  20.19 21.34 19.04 19.60 -
Oct 8, 2013  19.01 21.01 18.98 20.34 -
Oct 7, 2013  18.76 19.41 18.08 19.41 -
Oct 4, 2013  17.72 17.87 16.66 16.74 -
Oct 3, 2013  16.63 18.71 16.63 17.67 -
Oct 2, 2013  16.40 16.81 16.13 16.60 -
Oct 1, 2013  16.31 16.46 15.47 15.54 -
Sep 30, 2013 17.49 17.49 16.16 16.60 -
Sep 27, 2013 14.62 15.79 14.62 15.46 -
Sep 26, 2013 13.80 14.40 13.58 14.06 -
Sep 25, 2013 14.24 14.62 13.89 14.01 -
Sep 24, 2013 14.17 14.37 13.75 14.08 -
Sep 23, 2013 14.04 14.71 14.02 14.31 -
Sep 20, 2013 13.30 13.47 12.52 13.12 -
Sep 19, 2013 13.02 13.39 13.02 13.16 -
Sep 18, 2013 14.68 14.68 13.23 13.59 -
Sep 17, 2013 14.44 14.61 14.28 14.53 -
Sep 16, 2013 14.10 14.49 13.87 14.38 -
Sep 13, 2013 14.27 14.55 14.11 14.16 -
Sep 12, 2013 13.93 14.39 13.73 14.29 -
Sep 11, 2013 14.74 14.74 13.82 13.82 -
Sep 10, 2013 14.89 15.09 14.50 14.53 -
Sep 9, 2013  15.86 16.02 15.22 15.63 -
Sep 6, 2013  15.35 16.81 15.17 15.85 -
Sep 5, 2013  16.12 16.12 15.63 15.77 -
Sep 4, 2013  16.88 17.01 15.77 15.88 -
Sep 3, 2013  16.47 17.37 16.11 16.61 -
Aug 30, 2013 16.75 17.81 16.70 17.01 -
Aug 29, 2013 16.79 16.98 15.99 16.81 -
Aug 28, 2013 16.96 17.11 16.10 16.49 -
Aug 27, 2013 16.56 17.13 15.82 16.77 -
Aug 26, 2013 14.37 15.01 13.90 14.99 -
Aug 23, 2013 14.29 14.82 13.98 13.98 -
Aug 22, 2013 15.26 15.26 14.66 14.76 -
Aug 21, 2013 16.00 16.56 14.67 15.94 -
Aug 20, 2013 15.22 15.25 14.29 14.91 -
Aug 19, 2013 14.94 15.20 14.35 15.10 -
Aug 16, 2013 14.56 14.88 13.62 14.37 -
Aug 15, 2013 14.50 14.85 13.91 14.73 -
Aug 14, 2013 12.48 13.09 12.35 13.04 -
Aug 13, 2013 12.86 13.37 12.29 12.31 -
Aug 12, 2013 13.52 13.57 12.80 12.81 -
Aug 9, 2013  12.88 13.66 12.71 13.41 -
Aug 8, 2013  12.50 13.13 12.37 12.73 -
Aug 7, 2013  13.17 13.91 12.96 12.98 -
Aug 6, 2013  12.19 12.93 12.06 12.72 -
Aug 5, 2013  12.29 12.42 11.83 11.84 -
Aug 2, 2013  12.66 12.74 11.98 11.98 -
Aug 1, 2013  12.89 13.25 12.82 12.94 -
Jul 31, 2013 13.55 13.83 12.94 13.45 -
Jul 30, 2013 13.45 14.14 13.35 13.39 -
Jul 29, 2013 13.54 13.86 13.38 13.39 -
Jul 26, 2013 13.41 13.73 12.71 12.72 -
Jul 25, 2013 13.47 13.54 12.91 12.97 -
Jul 24, 2013 12.69 13.49 12.69 13.18 -
Jul 23, 2013 12.15 13.06 12.07 12.66 -
Jul 22, 2013 13.30 13.37 12.29 12.29 -
Jul 19, 2013 13.89 13.97 12.54 12.54 -
Jul 18, 2013 13.63 13.80 13.20 13.77 -
Jul 17, 2013 14.20 14.44 13.76 13.78 -
Jul 16, 2013 13.78 14.56 13.78 14.42 -
Jul 15, 2013 13.98 14.11 13.50 13.79 -
Jul 12, 2013 13.90 14.04 13.74 13.84 -
Jul 11, 2013 13.57 14.20 13.57 14.01 -
Jul 10, 2013 14.46 14.62 14.06 14.21 -
Jul 9, 2013  14.33 14.65 14.26 14.35 -
Jul 8, 2013  14.66 15.27 14.66 14.78 -
Jul 5, 2013  15.59 16.28 14.89 14.89 -
Jul 3, 2013  17.22 17.32 16.20 16.20 -
Jul 2, 2013  16.49 16.93 15.88 16.44 -
Jul 1, 2013  16.90 16.90 16.00 16.37 -
Jun 28, 2013 17.25 17.69 16.19 16.86 -
Jun 27, 2013 16.60 16.97 16.34 16.86 -
Jun 26, 2013 17.23 18.06 17.08 17.21 -
Jun 25, 2013 18.65 19.22 17.82 18.47 -
Jun 24, 2013 20.87 21.91 18.58 20.11 -
Jun 21, 2013 18.97 20.93 18.25 18.90 -
Jun 20, 2013 18.40 21.32 18.01 20.49 -
Jun 19, 2013 16.89 17.18 15.36 16.64 -
Jun 18, 2013 16.81 16.95 16.46 16.61 -
Jun 17, 2013 16.53 17.62 16.33 16.80 -
Jun 14, 2013 16.63 17.26 16.03 17.15 -
Jun 13, 2013 18.38 18.58 16.37 16.41 -
Jun 12, 2013 16.51 18.60 16.43 18.59 -
Jun 11, 2013 16.91 17.14 16.00 17.07 -
Jun 10, 2013 15.16 15.60 15.10 15.44 -
Jun 7, 2013  15.90 16.21 14.96 15.14 -
Jun 6, 2013  17.70 18.51 16.60 16.63 -
Jun 5, 2013  16.86 17.84 16.57 17.50 -
Jun 4, 2013  16.16 17.25 15.82 16.27 -
Jun 3, 2013  16.40 17.58 16.15 16.28 -
May 31, 2013 15.02 16.35 14.36 16.30 -
May 30, 2013 14.90 14.98 14.27 14.53 -
May 29, 2013 15.30 15.65 14.59 14.83 -
May 28, 2013 13.67 14.56 13.56 14.48 -
May 24, 2013 14.59 14.79 13.99 13.99 -
May 23, 2013 14.94 15.11 13.87 14.07 -
May 22, 2013 13.45 14.45 13.05 13.82 -
May 21, 2013 13.08 13.44 12.89 13.37 -
May 20, 2013 13.28 13.28 12.84 13.02 -
May 17, 2013 12.73 12.94 12.26 12.45 -
May 16, 2013 13.07 13.46 12.79 13.07 -
May 15, 2013 12.98 13.43 12.78 12.81 -
May 14, 2013 12.61 13.21 12.54 12.77 -
May 13, 2013 12.57 12.87 12.49 12.55 -
May 10, 2013 13.08 13.45 12.54 12.59 -
May 9, 2013  12.91 13.53 12.78 13.13 -
May 8, 2013  12.87 13.04 12.62 12.66 -
May 7, 2013  12.63 12.96 12.49 12.83 -
May 6, 2013  13.06 13.19 12.66 12.66 -
May 3, 2013  12.92 13.15 12.77 12.85 -
May 2, 2013  14.48 14.48 13.58 13.59 -
May 1, 2013  13.88 14.67 13.87 14.49 -
Apr 30, 2013 13.71 14.28 13.51 13.52 -
Apr 29, 2013 13.72 13.94 13.36 13.71 -
Apr 26, 2013 13.94 14.18 13.49 13.61 -
Apr 25, 2013 13.61 13.87 13.13 13.62 -
Apr 24, 2013 13.57 13.75 13.36 13.61 -
Apr 23, 2013 13.81 14.87 13.46 13.48 -
Apr 22, 2013 15.08 16.00 14.04 14.39 -
Apr 19, 2013 16.67 16.98 14.87 14.97 -
Apr 18, 2013 16.34 18.20 16.32 17.56 -
Apr 17, 2013 15.35 17.90 14.98 16.51 -
Apr 16, 2013 14.72 14.87 13.91 13.96 -
Apr 15, 2013 13.12 17.27 12.66 17.27 -
Apr 12, 2013 12.61 13.12 11.99 12.06 -
Apr 11, 2013 12.55 12.62 12.15 12.24 -
Apr 10, 2013 12.66 12.88 12.32 12.36 -
Apr 9, 2013  13.11 13.68 12.75 12.84 -
Apr 8, 2013  14.04 14.50 13.19 13.19 -
Apr 5, 2013  15.64 15.65 13.86 13.92 -
Apr 4, 2013  14.10 14.79 13.89 13.89 -
Apr 3, 2013  12.65 14.66 12.62 14.21 -
Apr 2, 2013  13.11 13.18 12.76 12.78 -
Apr 1, 2013  13.46 14.05 13.26 13.58 -
Mar 28, 2013 12.91 13.07 12.54 12.70 -
Mar 27, 2013 13.72 13.97 12.97 13.15 -
Mar 26, 2013 12.95 13.21 12.69 12.77 -
Mar 25, 2013 12.85 14.61 12.39 13.74 -
Mar 22, 2013 13.34 13.85 13.19 13.57 -
Mar 21, 2013 13.07 14.21 12.62 13.99 -
Mar 20, 2013 13.18 13.18 12.30 12.67 -
Mar 19, 2013 13.03 15.40 12.92 14.39 -
Mar 18, 2013 13.47 13.64 12.57 13.36 -
Mar 15, 2013 11.52 11.99 11.21 11.30 -
Mar 14, 2013 11.70 11.75 11.05 11.30 -
Mar 13, 2013 12.18 12.55 11.79 11.83 -
Mar 12, 2013 11.79 12.93 11.74 12.27 -
Mar 11, 2013 12.31 12.34 11.50 11.56 -
Mar 8, 2013  12.67 13.30 12.49 12.59 -
Mar 7, 2013  13.45 13.56 13.03 13.06 -
Mar 6, 2013  13.18 13.77 13.17 13.53 -
Mar 5, 2013  13.44 13.66 13.24 13.48 -
Mar 4, 2013  16.16 16.16 14.01 14.01 -
Mar 1, 2013  16.10 16.82 15.14 15.36 -
Feb 28, 2013 15.00 15.60 14.16 15.51 -
Feb 27, 2013 16.57 16.60 14.42 14.73 -
Feb 26, 2013 17.50 18.23 16.75 16.87 -
Feb 25, 2013 13.69 19.28 13.57 18.99 -
Feb 22, 2013 14.60 15.02 14.16 14.17 -
Feb 21, 2013 14.68 16.21 14.67 15.22 -
Feb 20, 2013 12.32 14.68 12.32 14.68 -
Feb 19, 2013 12.81 12.85 12.08 12.31 -
Feb 15, 2013 12.47 12.89 12.24 12.46 -
Feb 14, 2013 13.30 13.32 12.64 12.66 -
Feb 13, 2013 12.88 13.19 12.67 12.98 -
Feb 12, 2013 12.82 13.13 12.63 12.64 -
Feb 11, 2013 13.37 13.42 12.91 12.94 -
Feb 8, 2013  13.20 13.20 12.89 13.02 -
Feb 7, 2013  13.47 14.41 13.43 13.50 -
Feb 6, 2013  14.06 14.08 13.34 13.41 -
Feb 5, 2013  14.21 14.21 13.39 13.72 -
Feb 4, 2013  14.00 14.75 13.80 14.67 -
Feb 1, 2013  13.37 13.38 12.72 12.90 -
Jan 31, 2013 14.43 14.43 14.04 14.28 -
Jan 30, 2013 13.64 14.33 13.60 14.32 -
Jan 29, 2013 13.87 13.88 13.04 13.31 -
Jan 28, 2013 13.29 13.91 13.29 13.57 -
Jan 25, 2013 12.63 12.99 12.50 12.89 -
Jan 24, 2013 12.73 13.50 12.40 12.69 -
Jan 23, 2013 12.67 12.67 12.30 12.46 -
Jan 22, 2013 13.28 13.32 12.43 12.43 -
Jan 18, 2013 13.52 13.53 12.29 12.46 -
Jan 17, 2013 13.45 13.70 13.16 13.57 -
Jan 16, 2013 13.70 13.76 13.20 13.42 -
Jan 15, 2013 13.97 13.99 13.33 13.55 -
Jan 14, 2013 13.66 13.85 13.41 13.52 -
Jan 11, 2013 13.55 13.79 13.22 13.36 -
Jan 10, 2013 13.33 13.88 13.33 13.49 -
Jan 9, 2013  13.32 13.93 13.22 13.81 -
Jan 8, 2013  13.88 14.29 13.62 13.62 -
Jan 7, 2013  14.53 14.53 13.71 13.79 -
Jan 4, 2013  14.23 14.31 13.64 13.83 -
Jan 3, 2013  14.77 14.92 14.24 14.56 -
Jan 2, 2013  15.24 15.93 14.60 14.68 -
Dec 31, 2012 22.14 22.72 17.88 18.02 -
Dec 28, 2012 20.32 23.23 19.94 22.72 -
Dec 27, 2012 19.39 20.90 19.11 19.47 -
Dec 26, 2012 18.71 19.63 18.61 19.48 -
Dec 24, 2012 18.46 18.66 17.84 17.84 -
Dec 21, 2012 19.85 19.93 17.76 17.84 -
Dec 20, 2012 17.26 17.96 17.11 17.67 -
Dec 19, 2012 16.05 17.46 16.04 17.36 -
Dec 18, 2012 16.39 16.43 15.46 15.57 -
Dec 17, 2012 17.20 17.20 16.21 16.34 -
Dec 14, 2012 16.68 17.15 16.61 17.00 -
Dec 13, 2012 15.87 16.67 15.71 16.56 -
Dec 12, 2012 15.60 16.09 15.41 15.95 -
Dec 11, 2012 15.94 16.01 15.42 15.57 -
Dec 10, 2012 16.47 16.47 15.96 16.05 -
Dec 7, 2012  16.12 16.65 15.73 15.90 -
Dec 6, 2012  16.59 16.85 16.31 16.58 -
Dec 5, 2012  16.95 17.53 16.27 16.46 -
Dec 4, 2012  16.66 17.37 16.38 17.12 -
Dec 3, 2012  15.81 16.69 15.76 16.64 -
Nov 30, 2012 15.26 16.17 14.89 15.87 -
Nov 29, 2012 15.21 15.51 15.02 15.06 -
Nov 28, 2012 16.43 16.98 15.47 15.51 -
Nov 27, 2012 15.30 15.93 15.01 15.92 -
Nov 26, 2012 15.63 15.84 15.47 15.50 -
Nov 23, 2012 15.00 15.26 15.00 15.14 -
Nov 21, 2012 14.96 15.43 14.77 15.31 -
Nov 20, 2012 15.11 15.65 15.06 15.08 -
Nov 19, 2012 15.88 15.98 15.10 15.24 -
Nov 16, 2012 17.65 18.50 16.41 16.41 -
Nov 15, 2012 17.74 18.64 17.62 17.99 -
Nov 14, 2012 16.32 18.05 15.93 17.92 -
Nov 13, 2012 17.36 17.38 16.12 16.65 -
Nov 12, 2012 18.15 18.15 16.45 16.68 -
Nov 9, 2012  18.80 18.81 17.67 18.61 -
Nov 8, 2012  18.69 18.69 17.96 18.49 -
Nov 7, 2012  17.72 19.40 17.62 19.08 -
Nov 6, 2012  18.16 18.17 17.19 17.58 -
Nov 5, 2012  18.33 18.70 18.13 18.42 -
Nov 2, 2012  16.06 17.60 16.05 17.59 -
Nov 1, 2012  17.77 17.79 16.45 16.69 -
Oct 31, 2012 17.68 18.84 17.56 18.60 -
Oct 26, 2012 18.03 18.64 17.52 17.81 -
Oct 25, 2012 17.56 18.64 17.30 18.12 -
Oct 24, 2012 18.22 18.67 17.93 18.33 -
Oct 23, 2012 18.23 19.65 18.17 18.83 -
Oct 22, 2012 17.44 17.98 16.62 16.62 -
Oct 19, 2012 14.91 17.60 14.90 17.06 -
Oct 18, 2012 15.25 15.50 14.68 15.03 -
Oct 17, 2012 15.43 15.63 14.90 15.07 -
Oct 16, 2012 14.84 15.23 14.50 15.22 -
Oct 15, 2012 16.05 16.21 15.23 15.27 -
Oct 12, 2012 15.41 16.18 14.96 16.14 -
Oct 11, 2012 15.33 15.80 15.31 15.59 -
Oct 10, 2012 16.52 16.79 16.13 16.29 -
Oct 9, 2012  15.28 16.40 15.18 16.37 -
Oct 8, 2012  15.19 15.46 15.04 15.11 -
Oct 5, 2012  13.68 14.78 13.67 14.33 -
Oct 4, 2012  15.23 15.33 14.53 14.55 -
Oct 3, 2012  15.63 16.02 15.13 15.43 -
Oct 2, 2012  15.85 16.50 15.70 15.71 -
Oct 1, 2012  16.03 16.53 15.13 16.32 -
Sep 28, 2012 15.23 15.77 14.95 15.73 -
Sep 27, 2012 16.38 16.50 14.83 14.84 -
Sep 26, 2012 15.83 17.08 15.83 16.81 -
Sep 25, 2012 14.19 15.72 14.03 15.43 -
Sep 24, 2012 15.06 15.06 13.87 14.15 -
Sep 21, 2012 13.94 14.18 13.69 13.98 -
Sep 20, 2012 14.63 14.67 14.07 14.07 -
Sep 19, 2012 13.95 14.08 13.61 13.88 -
Sep 18, 2012 14.51 14.88 13.97 14.18 -
Sep 17, 2012 14.67 14.92 14.38 14.59 -
Sep 14, 2012 13.82 14.71 13.51 14.51 -
Sep 13, 2012 15.60 16.54 13.91 14.05 -
Sep 12, 2012 15.59 16.31 15.43 15.80 -
Sep 11, 2012 16.11 16.41 15.46 16.41 -
Sep 10, 2012 14.27 16.28 13.97 16.28 -
Sep 7, 2012  15.60 15.60 14.33 14.38 -
Sep 6, 2012  17.30 17.30 15.60 15.60 -
Sep 5, 2012  17.38 17.84 16.99 17.74 -
Sep 4, 2012  18.65 18.96 17.85 17.98 -
Aug 31, 2012 17.25 18.04 16.56 17.47 -
Aug 30, 2012 17.48 18.05 17.44 17.83 -
Aug 29, 2012 16.61 17.06 16.50 17.06 -
Aug 28, 2012 16.32 16.92 16.01 16.49 -
Aug 27, 2012 16.15 16.38 15.75 16.35 -
Aug 24, 2012 15.99 16.00 15.18 15.18 -
Aug 23, 2012 15.00 16.45 15.00 15.96 -
Aug 22, 2012 15.32 15.52 14.75 15.11 -
Aug 21, 2012 14.10 15.44 13.46 15.02 -
Aug 20, 2012 14.11 14.78 13.38 14.02 -
Aug 17, 2012 14.23 14.30 13.30 13.45 -
Aug 16, 2012 14.88 15.15 14.28 14.29 -
Aug 15, 2012 14.82 14.98 14.36 14.63 -
Aug 14, 2012 13.91 15.06 13.91 14.85 -
Aug 13, 2012 14.09 14.67 13.67 13.70 -
Aug 10, 2012 15.34 15.50 14.73 14.74 -
Aug 9, 2012  15.39 15.67 15.28 15.28 -
Aug 8, 2012  16.46 16.47 15.27 15.32 -
Aug 7, 2012  15.55 16.03 15.48 15.99 -
Aug 6, 2012  15.85 16.27 15.82 15.95 -
Aug 3, 2012  16.05 16.45 15.64 15.64 -
Aug 2, 2012  19.05 19.25 17.56 17.57 -
Aug 1, 2012  18.80 19.18 18.20 18.96 -
Jul 31, 2012 18.40 19.09 18.26 18.93 -
Jul 30, 2012 17.55 18.08 17.23 18.03 -
Jul 27, 2012 17.11 17.30 16.52 16.70 -
Jul 26, 2012 17.68 18.47 17.07 17.53 -
Jul 25, 2012 19.79 20.67 18.99 19.34 -
Jul 24, 2012 18.38 21.00 18.37 20.47 -
Jul 23, 2012 20.41 20.49 18.34 18.62 -
Jul 20, 2012 16.65 17.05 15.97 16.27 -
Jul 19, 2012 16.06 16.70 15.45 15.45 -
Jul 18, 2012 16.81 16.81 15.69 16.16 -
Jul 17, 2012 16.72 17.46 16.09 16.48 -
Jul 16, 2012 17.31 17.32 16.46 17.11 -
Jul 13, 2012 17.78 17.82 16.36 16.74 -
Jul 12, 2012 18.82 19.51 17.75 18.33 -
Jul 11, 2012 17.98 19.17 17.84 17.95 -
Jul 10, 2012 17.51 19.19 17.29 18.72 -
Jul 9, 2012  18.17 18.32 17.73 17.98 -
Jul 6, 2012  18.20 18.25 16.95 17.10 -
Jul 5, 2012  17.61 18.22 17.18 17.50 -
Jul 3, 2012  16.67 16.92 16.27 16.66 -
Jul 2, 2012  17.62 18.19 16.66 16.80 -
Jun 29, 2012 17.52 19.71 16.87 17.08 -
Jun 28, 2012 20.33 21.19 19.60 19.71 -
Jun 27, 2012 19.55 20.12 19.38 19.45 -
Jun 26, 2012 20.01 20.57 19.42 19.72 -
Jun 25, 2012 20.47 21.36 19.89 20.38 -
Jun 22, 2012 18.65 19.37 17.90 18.11 -
Jun 21, 2012 16.89 20.48 16.77 20.08 -
Jun 20, 2012 17.96 20.05 17.09 17.24 -
Jun 19, 2012 17.66 18.62 17.36 18.38 -
Jun 18, 2012 21.76 21.98 18.24 18.32 -
Jun 15, 2012 22.47 23.09 20.61 21.11 -
Jun 14, 2012 24.19 24.81 21.55 21.68 -
Jun 13, 2012 22.93 24.93 22.66 24.27 -
Jun 12, 2012 23.15 23.90 22.09 22.09 -
Jun 11, 2012 19.87 23.56 19.63 23.56 -
Jun 8, 2012  22.54 23.10 20.29 21.23 -
Jun 7, 2012  21.00 22.48 20.74 21.72 -
Jun 6, 2012  23.76 23.89 21.80 22.16 -
Jun 5, 2012  25.90 25.90 24.50 24.68 -
Jun 4, 2012  26.35 27.73 25.72 26.12 -
Jun 1, 2012  25.87 26.71 23.94 26.66 -
May 31, 2012 23.83 25.46 22.78 24.06 -
May 30, 2012 22.68 24.14 22.66 24.14 -
May 29, 2012 21.70 22.47 20.99 21.03 -
May 25, 2012 22.05 22.29 21.30 21.76 -
May 24, 2012 22.00 23.22 21.48 21.54 -
May 23, 2012 23.32 24.62 21.99 22.33 -
May 22, 2012 21.76 23.19 19.98 22.48 -
May 21, 2012 24.88 24.88 22.01 22.01 -
May 18, 2012 23.27 25.14 23.07 25.10 -
May 17, 2012 21.99 24.51 21.87 24.49 -
May 16, 2012 21.54 22.69 20.83 22.27 -
May 15, 2012 21.43 22.70 20.76 21.97 -
May 14, 2012 21.47 21.87 20.94 21.87 -
May 11, 2012 19.93 19.94 18.62 19.89 -
May 10, 2012 19.25 19.88 18.77 18.83 -
May 9, 2012  20.65 21.59 19.38 20.08 -
May 8, 2012  19.44 20.91 17.95 19.05 -
May 7, 2012  19.80 19.87 18.41 18.94 -
May 4, 2012  18.03 19.28 17.81 19.16 -
May 3, 2012  16.90 17.92 16.73 17.56 -
May 2, 2012  17.25 17.63 16.78 16.88 -
May 1, 2012  17.27 17.49 16.01 16.60 -
Apr 30, 2012 17.04 17.41 16.92 17.15 -
Apr 27, 2012 15.83 16.47 15.83 16.32 -
Apr 26, 2012 16.97 17.04 15.75 16.24 -
Apr 25, 2012 17.05 17.38 16.82 16.82 -
Apr 24, 2012 19.22 19.22 18.09 18.10 -
Apr 23, 2012 20.22 20.27 18.95 18.97 -
Apr 20, 2012 17.92 18.05 16.97 17.44 -
Apr 19, 2012 18.51 19.69 17.69 18.36 -
Apr 18, 2012 19.02 19.17 17.70 18.64 -
Apr 17, 2012 18.66 18.66 17.58 18.46 -
Apr 16, 2012 18.87 20.42 18.60 19.55 -
Apr 13, 2012 17.95 19.62 17.85 19.55 -
Apr 12, 2012 19.63 19.74 17.20 17.20 -
Apr 11, 2012 19.22 20.12 18.73 20.02 -
Apr 10, 2012 19.10 21.06 18.62 20.39 -
Apr 9, 2012  18.94 18.94 17.93 18.81 -
Apr 5, 2012  17.02 17.13 16.29 16.70 -
Apr 4, 2012  17.07 17.74 16.31 16.44 -
Apr 3, 2012  15.61 16.65 15.56 15.66 -
Apr 2, 2012  16.35 16.58 15.02 15.64 -
Mar 30, 2012 14.88 15.98 14.67 15.50 -
Mar 29, 2012 16.84 17.20 15.39 15.48 -
Mar 28, 2012 15.58 17.27 15.40 15.47 -
Mar 27, 2012 14.52 15.59 14.14 15.59 -
Mar 26, 2012 14.51 15.03 14.26 14.26 -
Mar 23, 2012 15.65 16.39 14.69 14.82 -
Mar 22, 2012 16.04 16.58 15.56 15.57 -
Mar 21, 2012 14.72 15.31 14.19 15.13 -
Mar 20, 2012 15.82 15.95 15.11 15.58 -
Mar 19, 2012 15.42 15.43 14.54 15.04 -
Mar 16, 2012 14.43 15.24 13.66 14.47 -
Mar 15, 2012 15.32 16.06 14.58 15.42 -
Mar 14, 2012 14.42 16.19 14.39 15.31 -
Mar 13, 2012 14.00 16.08 13.99 14.80 -
Mar 12, 2012 15.79 16.67 15.23 15.64 -
Mar 9, 2012  17.16 17.54 16.63 17.11 -
Mar 8, 2012  18.08 18.46 17.76 17.95 -
Mar 7, 2012  20.43 20.44 19.07 19.07 -
Mar 6, 2012  20.57 21.24 20.30 20.87 -
Mar 5, 2012  18.27 18.90 18.02 18.05 -
Mar 2, 2012  17.65 17.65 17.14 17.29 -
Mar 1, 2012  18.02 18.03 17.26 17.26 -
Feb 29, 2012 17.80 18.75 17.53 18.43 -
Feb 28, 2012 18.67 18.67 17.88 17.96 -
Feb 27, 2012 19.10 19.25 17.58 18.19 -
Feb 24, 2012 16.68 17.62 16.42 17.31 -
Feb 23, 2012 18.73 18.97 16.64 16.80 -
Feb 22, 2012 18.85 18.94 17.74 18.19 -
Feb 21, 2012 18.41 18.94 17.65 18.19 -
Feb 17, 2012 18.73 18.79 17.54 17.78 -
Feb 16, 2012 21.59 21.76 19.22 19.22 -
Feb 15, 2012 19.74 21.77 19.44 21.14 -
Feb 14, 2012 19.45 20.76 18.95 19.54 -
Feb 13, 2012 19.64 19.68 17.92 19.04 -
Feb 10, 2012 20.10 21.98 19.02 20.79 -
Feb 9, 2012  18.12 18.72 18.07 18.63 -
Feb 8, 2012  17.79 18.46 17.53 18.16 -
Feb 7, 2012  17.93 18.10 17.50 17.65 -
Feb 6, 2012  17.98 18.02 16.11 17.76 -
Feb 3, 2012  16.84 17.32 16.10 17.10 -
Feb 2, 2012  18.38 18.50 17.98 17.98 -
Feb 1, 2012  18.68 18.82 17.99 18.55 -
Jan 31, 2012 19.07 19.84 18.13 19.44 -
Jan 30, 2012 20.33 20.33 19.38 19.40 -
Jan 27, 2012 19.16 19.16 18.26 18.53 -
Jan 26, 2012 17.96 19.17 16.80 18.57 -
Jan 25, 2012 19.35 19.55 17.15 18.31 -
Jan 24, 2012 19.76 20.00 18.63 18.91 -
Jan 23, 2012 19.22 19.31 18.55 18.67 -
Jan 20, 2012 19.91 19.94 18.16 18.28 -
Jan 19, 2012 20.49 20.87 19.45 19.87 -
Jan 18, 2012 23.20 23.44 20.78 20.89 -
Jan 17, 2012 20.90 22.25 20.69 22.20 -
Jan 13, 2012 21.41 22.43 20.91 20.91 -
Jan 12, 2012 21.01 22.03 20.46 20.47 -
Jan 11, 2012 21.18 21.22 20.98 21.05 -
Jan 10, 2012 20.14 20.69 20.05 20.69 -
Jan 9, 2012  21.67 21.78 21.00 21.07 -
Jan 6, 2012  21.24 21.72 20.58 20.63 -
Jan 5, 2012  22.75 23.09 21.34 21.48 -
Jan 4, 2012  23.44 23.73 22.22 22.22 -
Jan 3, 2012  22.95 23.10 22.54 22.97 -
Dec 30, 2011 22.86 23.46 22.65 23.40 -
Dec 29, 2011 23.52 23.52 22.65 22.65 -
Dec 28, 2011 22.12 23.56 22.11 23.52 -
Dec 27, 2011 22.58 22.66 21.68 21.91 -
Dec 23, 2011 21.10 21.21 20.72 20.73 -
Dec 22, 2011 21.08 21.33 20.34 21.16 -
Dec 21, 2011 22.52 23.94 21.12 21.43 -
Dec 20, 2011 23.56 23.58 22.54 23.22 -
Dec 19, 2011 25.14 25.38 24.38 24.92 -
Dec 16, 2011 24.16 25.02 23.51 24.29 -
Dec 15, 2011 24.38 25.28 23.88 25.11 -
Dec 14, 2011 26.16 27.55 25.76 26.04 -
Dec 13, 2011 24.72 26.28 23.27 25.41 -
Dec 12, 2011 26.78 27.73 25.64 25.67 -
Dec 9, 2011  29.61 29.61 26.29 26.38 -
Dec 8, 2011  29.63 30.91 29.02 30.59 -
Dec 7, 2011  28.61 29.58 28.44 28.67 -
Dec 6, 2011  27.91 28.13 27.41 28.13 -
Dec 5, 2011  26.74 28.31 26.00 27.84 -
Dec 2, 2011  26.26 27.62 25.29 27.52 -
Dec 1, 2011  27.63 27.89 26.64 27.41 -
Nov 30, 2011 27.72 28.50 27.03 27.80 -
Nov 29, 2011 31.76 32.02 30.56 30.64 -
Nov 28, 2011 31.93 33.11 29.47 32.13 -
Nov 25, 2011 34.61 34.77 33.12 34.47 -
Nov 23, 2011 32.91 34.57 32.68 33.98 -
Nov 22, 2011 33.12 33.39 31.28 31.97 -
Nov 21, 2011 34.59 35.29 32.53 32.91 -
Nov 18, 2011 33.16 33.99 31.92 32.00 -
Nov 17, 2011 33.15 36.46 32.89 34.51 -
Nov 16, 2011 32.66 33.51 30.54 33.51 -
Nov 15, 2011 31.74 32.55 30.40 31.22 -
Nov 14, 2011 31.42 32.85 31.13 31.13 -
Nov 11, 2011 29.91 30.42 29.45 30.04 -
Nov 10, 2011 33.09 35.50 32.12 32.81 -
Nov 9, 2011  31.32 36.43 30.98 36.16 -
Nov 8, 2011  29.34 30.49 27.47 27.48 -
Nov 7, 2011  31.40 32.15 29.85 29.85 -
Nov 4, 2011  31.46 32.56 30.14 30.16 -
Nov 3, 2011  31.38 34.65 30.21 30.50 -
Nov 2, 2011  33.53 34.27 32.55 32.74 -
Nov 1, 2011  36.03 37.53 33.87 34.77 -
Oct 31, 2011 27.09 29.97 27.01 29.96 -
Oct 28, 2011 26.02 26.02 24.44 24.53 -
Oct 27, 2011 24.72 26.46 24.70 25.46 -
Oct 26, 2011 30.44 33.30 29.63 29.86 -
Oct 25, 2011 30.68 32.46 30.32 32.22 -
Oct 24, 2011 31.67 31.70 28.84 29.26 -
Oct 21, 2011 32.76 32.98 31.32 31.32 -
Oct 20, 2011 34.44 36.87 34.16 34.78 -
Oct 19, 2011 32.92 35.47 31.91 34.44 -
Oct 18, 2011 33.37 34.71 29.69 31.56 -
Oct 17, 2011 30.35 33.39 30.12 33.39 -
Oct 14, 2011 29.07 29.96 28.08 28.24 -
Oct 13, 2011 31.99 32.76 30.48 30.70 -
Oct 12, 2011 31.57 31.93 29.79 31.26 -
Oct 11, 2011 33.95 34.24 32.62 32.86 -
Oct 10, 2011 35.45 35.45 32.96 33.02 -
Oct 7, 2011  35.67 37.82 35.19 36.20 -
Oct 6, 2011  38.24 38.74 36.15 36.27 -
Oct 5, 2011  40.73 41.20 37.51 37.81 -
Oct 4, 2011  46.18 46.88 40.02 40.82 -
Oct 3, 2011  42.00 45.55 41.51 45.45 -
Sep 30, 2011 40.93 42.99 39.88 42.96 -
Sep 29, 2011 38.62 42.00 38.03 38.84 -
Sep 28, 2011 37.70 41.24 36.65 41.08 -
Sep 27, 2011 36.59 38.57 35.32 37.71 -
Sep 26, 2011 40.99 43.34 39.02 39.02 -
Sep 23, 2011 42.17 42.82 40.42 41.25 -
Sep 22, 2011 41.00 43.87 39.33 41.35 -
Sep 21, 2011 33.00 37.32 32.45 37.32 -
Sep 20, 2011 32.42 33.14 31.45 32.86 -
Sep 19, 2011 34.80 35.33 32.35 32.73 -
Sep 16, 2011 31.81 32.48 30.43 30.98 -
Sep 15, 2011 33.43 33.98 31.75 31.97 -
Sep 14, 2011 36.59 37.76 33.40 34.60 -
Sep 13, 2011 38.68 39.43 36.69 36.91 -
Sep 12, 2011 42.56 43.18 38.58 38.59 -
Sep 9, 2011  35.53 40.74 35.53 38.52 -
Sep 8, 2011  34.41 34.71 32.79 34.32 -
Sep 7, 2011  34.24 34.70 33.38 33.38 -
Sep 6, 2011  39.84 39.86 37.00 37.00 -
Sep 2, 2011  34.29 34.74 32.70 33.92 -
Sep 1, 2011  31.91 32.38 30.76 31.82 -
Aug 31, 2011 31.20 32.53 30.16 31.62 -
Aug 30, 2011 32.97 33.55 31.55 32.89 -
Aug 29, 2011 33.81 33.81 32.21 32.28 -
Aug 26, 2011 41.18 43.84 34.33 35.59 -
Aug 25, 2011 34.43 40.14 34.05 39.76 -
Aug 24, 2011 37.12 37.38 34.55 35.90 -
Aug 23, 2011 41.89 42.17 35.83 36.27 -
Aug 22, 2011 38.80 43.58 38.78 42.44 -
Aug 19, 2011 45.34 45.40 39.99 43.05 -
Aug 18, 2011 36.77 45.28 36.69 42.67 -
Aug 17, 2011 32.09 33.32 30.81 31.58 -
Aug 16, 2011 33.36 34.49 31.68 32.85 -
Aug 15, 2011 34.73 34.83 31.47 31.87 -
Aug 12, 2011 37.08 37.85 34.01 36.36 -
Aug 11, 2011 41.94 42.88 37.50 39.00 -
Aug 10, 2011 39.33 44.41 37.34 42.99 -
Aug 9, 2011  42.12 47.56 34.28 35.06 -
Aug 8, 2011  36.90 48.00 35.29 48.00 -
Aug 5, 2011  28.48 39.25 27.54 32.00 -
Aug 4, 2011  24.57 32.07 24.31 31.66 -
Aug 3, 2011  23.58 25.23 22.76 23.38 -
Aug 2, 2011  24.22 24.79 22.65 24.79 -
Aug 1, 2011  22.63 25.63 22.46 23.66 -
Jul 29, 2011 25.28 25.94 23.65 25.25 -
Jul 28, 2011 22.83 23.99 21.20 23.74 -
Jul 27, 2011 20.87 23.20 20.87 22.98 -
Jul 26, 2011 19.75 20.50 19.56 20.23 -
Jul 25, 2011 19.26 19.50 18.73 19.35 -
Jul 22, 2011 17.22 17.95 17.14 17.52 -
Jul 21, 2011 18.61 18.63 17.15 17.56 -
Jul 20, 2011 18.81 19.65 18.61 19.09 -
Jul 19, 2011 20.14 20.43 19.12 19.21 -
Jul 18, 2011 21.25 21.93 20.90 20.95 -
Jul 15, 2011 20.25 21.68 19.52 19.53 -
Jul 14, 2011 20.08 21.58 19.35 20.80 -
Jul 13, 2011 19.08 20.16 18.09 19.91 -
Jul 12, 2011 19.55 20.13 18.25 19.87 -
Jul 11, 2011 17.44 19.06 17.16 18.39 -
Jul 8, 2011  17.14 17.14 15.95 15.95 -
Jul 7, 2011  15.30 16.13 15.30 15.95 -
Jul 6, 2011  16.46 17.08 16.32 16.34 -
Jul 5, 2011  16.32 16.50 15.89 16.06 -
Jul 1, 2011  16.06 16.29 15.12 15.87 -
Jun 30, 2011 16.67 16.77 15.88 16.52 -
Jun 29, 2011 18.62 18.83 16.32 17.27 -
Jun 28, 2011 20.30 20.45 19.17 19.17 -
Jun 27, 2011 21.60 21.82 20.27 20.56 -
Jun 24, 2011 19.20 21.28 19.10 21.10 -
Jun 23, 2011 20.23 21.50 19.22 19.29 -
Jun 22, 2011 18.86 18.90 17.72 18.52 -
Jun 21, 2011 19.46 19.46 17.72 18.86 -
Jun 20, 2011 22.99 23.08 19.99 19.99 -
Jun 17, 2011 21.56 22.39 20.35 21.85 -
Jun 16, 2011 21.37 24.65 20.81 22.73 -
Jun 15, 2011 19.31 21.66 19.03 21.32 -
Jun 14, 2011 18.56 18.56 17.80 18.26 -
Jun 13, 2011 19.10 20.02 18.41 19.61 -
Jun 10, 2011 17.93 19.16 17.93 18.86 -
Jun 9, 2011  18.20 18.31 17.26 17.77 -
Jun 8, 2011  18.15 18.83 17.72 18.79 -
Jun 7, 2011  18.13 18.48 17.39 18.07 -
Jun 6, 2011  18.42 18.65 17.65 18.49 -
Jun 3, 2011  18.23 19.87 17.12 17.95 -
Jun 2, 2011  17.92 18.72 17.39 18.09 -
Jun 1, 2011  15.95 18.48 15.95 18.30 -
May 31, 2011 15.85 16.50 15.15 15.45 -
May 27, 2011 16.11 16.27 15.36 15.98 -
May 26, 2011 17.17 17.46 15.90 16.09 -
May 25, 2011 18.26 18.26 16.70 17.07 -
May 24, 2011 18.07 18.19 17.00 17.82 -
May 23, 2011 20.03 20.03 17.47 18.27 -
May 20, 2011 15.88 17.43 15.70 17.43 -
May 19, 2011 15.90 16.56 15.50 15.52 -
May 18, 2011 17.56 17.68 16.03 16.23 -
May 17, 2011 18.54 19.09 17.47 17.55 -
May 16, 2011 17.86 18.25 16.61 18.24 -
May 13, 2011 16.02 17.56 15.98 17.07 -
May 12, 2011 17.27 17.89 16.03 16.03 -
May 11, 2011 16.27 17.49 16.23 16.95 -
May 10, 2011 16.84 16.90 15.79 15.91 -
May 9, 2011  18.59 18.59 17.04 17.16 -
May 6, 2011  17.17 19.29 16.12 18.40 -
May 5, 2011  17.68 19.11 16.74 18.20 -
May 4, 2011  16.84 17.72 16.83 17.08 -
May 3, 2011  16.35 17.29 16.13 16.70 -
May 2, 2011  15.07 16.13 15.07 15.99 -
Apr 29, 2011 14.56 14.99 14.49 14.75 -
Apr 28, 2011 15.54 15.54 14.27 14.62 -
Apr 27, 2011 15.37 16.42 15.13 15.35 -
Apr 26, 2011 15.36 15.66 15.07 15.62 -
Apr 25, 2011 15.64 16.06 15.50 15.77 -
Apr 21, 2011 14.71 15.23 14.40 14.69 -
Apr 20, 2011 14.31 15.39 14.30 15.07 -
Apr 19, 2011 16.62 16.72 15.69 15.83 -
Apr 18, 2011 18.30 19.07 16.81 16.96 -
Apr 15, 2011 15.97 15.98 14.92 15.32 -
Apr 14, 2011 17.77 18.08 16.08 16.27 -
Apr 13, 2011 16.33 17.38 16.20 16.92 -
Apr 12, 2011 17.58 18.46 16.88 17.09 -
Apr 11, 2011 16.74 17.05 16.22 16.59 -
Apr 8, 2011  16.51 18.33 16.51 17.87 -
Apr 7, 2011  16.92 17.77 16.49 17.11 -
Apr 6, 2011  16.75 17.15 16.50 16.90 -
Apr 5, 2011  17.87 17.87 16.50 17.25 -
Apr 4, 2011  17.63 17.85 17.39 17.50 -
Apr 1, 2011  16.68 17.62 16.44 17.40 -
Mar 31, 2011 17.90 17.95 17.41 17.74 -
Mar 30, 2011 17.82 17.89 17.25 17.71 -
Mar 29, 2011 19.17 19.78 18.00 18.16 -
Mar 28, 2011 18.31 19.44 17.96 19.44 -
Mar 25, 2011 17.87 18.08 17.07 17.91 -
Mar 24, 2011 18.45 18.99 17.87 18.00 -
Mar 23, 2011 20.59 21.05 18.19 19.17 -
Mar 22, 2011 20.53 20.59 19.97 20.21 -
Mar 21, 2011 22.10 22.16 20.22 20.61 -
Mar 18, 2011 23.90 24.85 23.09 24.44 -
Mar 17, 2011 26.94 27.54 25.44 26.37 -
Mar 16, 2011 24.65 31.28 24.04 29.40 -
Mar 15, 2011 25.66 25.72 23.31 24.32 -
Mar 14, 2011 21.79 22.74 20.92 21.13 -
Mar 11, 2011 21.72 21.75 19.97 20.08 -
Mar 10, 2011 21.37 22.25 20.34 21.88 -
Mar 9, 2011  20.05 20.96 19.41 20.22 -
Mar 8, 2011  20.58 21.06 19.15 19.82 -
Mar 7, 2011  19.37 21.77 18.95 20.66 -
Mar 4, 2011  18.56 20.33 18.31 19.06 -
Mar 3, 2011  19.27 19.27 18.25 18.60 -
Mar 2, 2011  20.73 21.14 19.62 20.70 -
Mar 1, 2011  17.63 21.01 17.63 21.01 -
Feb 28, 2011 19.12 19.27 18.14 18.35 -
Feb 25, 2011 20.41 20.44 18.88 19.22 -
Feb 24, 2011 22.28 22.71 20.81 21.32 -
Feb 23, 2011 20.84 23.22 20.30 22.13 -
Feb 22, 2011 19.46 21.45 18.38 20.80 -
Feb 18, 2011 16.59 16.91 15.54 16.43 -
Feb 17, 2011 17.01 17.30 15.88 16.59 -
Feb 16, 2011 16.31 16.74 15.84 16.72 -
Feb 15, 2011 16.30 16.75 16.27 16.37 -
Feb 14, 2011 16.07 16.26 15.22 15.95 -
Feb 11, 2011 16.53 16.53 15.55 15.69 -
Feb 10, 2011 16.74 17.07 16.00 16.09 -
Feb 9, 2011  16.27 16.52 15.86 15.87 -
Feb 8, 2011  16.29 16.60 14.86 15.81 -
Feb 7, 2011  16.14 16.54 15.84 16.28 -
Feb 4, 2011  16.64 16.74 15.89 15.93 -
Feb 3, 2011  17.53 17.80 16.61 16.69 -
Feb 2, 2011  17.82 17.84 17.28 17.30 -
Feb 1, 2011  18.59 18.63 17.40 17.63 -
Jan 31, 2011 19.61 19.96 17.10 19.53 -
Jan 28, 2011 15.94 20.08 15.92 20.04 -
Jan 27, 2011 16.84 16.89 15.81 16.15 -
Jan 26, 2011 17.00 17.42 16.59 16.64 -
Jan 25, 2011 18.22 18.55 17.59 17.59 -
Jan 24, 2011 18.78 18.93 17.56 17.65 -
Jan 21, 2011 17.03 18.61 16.60 18.47 -
Jan 20, 2011 17.81 18.85 17.65 17.99 -
Jan 19, 2011 15.89 17.67 15.86 17.31 -
Jan 18, 2011 16.19 16.20 15.71 15.87 -
Jan 14, 2011 16.67 16.71 15.37 15.46 -
Jan 13, 2011 16.51 16.78 16.14 16.39 -
Jan 12, 2011 16.26 16.50 16.17 16.24 -
Jan 11, 2011 16.61 17.35 16.60 16.89 -
Jan 10, 2011 18.35 18.63 17.54 17.54 -
Jan 7, 2011  17.31 18.07 16.57 17.14 -
Jan 6, 2011  16.80 17.56 16.79 17.40 -
Jan 5, 2011  17.81 17.95 16.86 17.02 -
Jan 4, 2011  17.34 18.24 17.33 17.38 -
Jan 3, 2011  17.94 17.95 16.91 17.61 -
Dec 31, 2010 17.91 18.13 17.75 17.75 -
Dec 30, 2010 17.65 17.89 17.46 17.52 -
Dec 29, 2010 17.49 17.49 17.02 17.28 -
Dec 28, 2010 17.30 17.99 17.30 17.52 -
Dec 27, 2010 18.26 18.32 17.66 17.67 -
Dec 23, 2010 15.44 16.86 15.40 16.47 -
Dec 22, 2010 16.52 16.56 15.45 15.45 -
Dec 21, 2010 16.20 16.62 16.08 16.49 -
Dec 20, 2010 16.22 16.86 15.78 16.41 -
Dec 17, 2010 17.62 17.64 15.46 16.11 -
Dec 16, 2010 18.03 18.27 16.88 17.39 -
Dec 15, 2010 17.99 18.14 17.37 17.94 -
Dec 14, 2010 17.60 17.95 17.22 17.61 -
Dec 13, 2010 16.82 17.67 16.68 17.55 -
Dec 10, 2010 17.06 17.63 17.06 17.61 -
Dec 9, 2010  17.32 17.84 17.24 17.25 -
Dec 8, 2010  17.97 18.32 17.69 17.74 -
Dec 7, 2010  17.13 18.15 17.13 17.99 -
Dec 6, 2010  18.80 18.85 17.95 18.02 -
Dec 3, 2010  19.26 19.28 17.71 18.01 -
Dec 2, 2010  21.13 21.13 19.10 19.39 -
Dec 1, 2010  21.19 21.43 20.40 21.36 -
Nov 30, 2010 23.27 23.79 22.42 23.54 -
Nov 29, 2010 23.15 23.84 21.38 21.53 -
Nov 26, 2010 21.17 22.22 20.28 22.22 -
Nov 24, 2010 19.42 19.61 18.73 19.56 -
Nov 23, 2010 20.25 21.45 20.24 20.63 -
Nov 22, 2010 19.45 20.14 18.35 18.37 -
Nov 19, 2010 19.15 19.72 17.76 18.04 -
Nov 18, 2010 20.31 20.31 18.75 18.75 -
Nov 17, 2010 22.19 22.21 21.22 21.76 -
Nov 16, 2010 21.26 23.07 20.95 22.58 -
Nov 15, 2010 20.33 20.37 19.14 20.20 -
Nov 12, 2010 19.59 21.23 19.29 20.61 -
Nov 11, 2010 19.44 19.75 18.48 18.64 -
Nov 10, 2010 18.94 19.96 18.41 18.47 -
Nov 9, 2010  18.51 19.39 17.83 19.08 -
Nov 8, 2010  19.33 19.35 18.21 18.29 -
Nov 5, 2010  18.07 18.44 17.92 18.26 -
Nov 4, 2010  18.03 18.80 17.97 18.52 -
Nov 3, 2010  21.66 22.02 19.54 19.56 -
Nov 2, 2010  21.34 21.82 21.22 21.57 -
Nov 1, 2010  21.65 22.54 20.92 21.83 -
Oct 29, 2010 21.20 21.40 20.86 21.20 -
Oct 28, 2010 20.28 21.41 20.18 20.88 -
Oct 27, 2010 21.11 22.37 20.69 20.71 -
Oct 26, 2010 20.52 21.01 20.22 20.22 -
Oct 25, 2010 19.22 19.88 18.86 19.85 -
Oct 22, 2010 19.36 19.36 18.76 18.78 -
Oct 21, 2010 19.70 20.53 18.93 19.27 -
Oct 20, 2010 21.20 21.20 19.67 19.79 -
Oct 19, 2010 20.70 21.35 19.33 20.63 -
Oct 18, 2010 20.43 20.71 18.88 19.09 -
Oct 15, 2010 20.20 21.59 19.02 19.03 -
Oct 14, 2010 19.59 21.02 19.40 19.88 -
Oct 13, 2010 17.92 19.16 17.90 19.07 -
Oct 12, 2010 20.00 20.10 18.55 18.93 -
Oct 11, 2010 19.33 19.51 18.80 18.96 -
Oct 8, 2010  21.58 21.64 20.29 20.71 -
Oct 7, 2010  21.31 22.16 21.28 21.56 -
Oct 6, 2010  21.82 22.13 21.46 21.49 -
Oct 5, 2010  22.52 23.08 21.71 21.76 -
Oct 4, 2010  23.63 24.34 23.30 23.53 -
Oct 1, 2010  22.90 23.67 22.46 22.50 -
Sep 30, 2010 22.85 24.52 22.39 23.70 -
Sep 29, 2010 23.14 23.45 22.72 23.25 -
Sep 28, 2010 22.92 24.28 22.40 22.60 -
Sep 27, 2010 22.58 22.75 21.97 22.54 -
Sep 24, 2010 22.61 22.61 21.71 21.71 -
Sep 23, 2010 23.91 24.06 22.56 23.87 -
Sep 22, 2010 22.56 23.19 21.91 22.51 -
Sep 21, 2010 21.54 22.59 21.42 22.35 -
Sep 20, 2010 22.47 22.58 21.25 21.50 -
Sep 17, 2010 21.65 22.56 21.63 22.01 -
Sep 16, 2010 22.65 22.83 21.71 21.72 -
Sep 15, 2010 22.55 22.80 22.10 22.10 -
Sep 14, 2010 21.69 21.97 20.85 21.56 -
Sep 13, 2010 21.06 22.05 20.93 21.21 -
Sep 10, 2010 22.64 22.87 21.76 21.99 -
Sep 9, 2010  22.22 23.24 22.14 22.81 -
Sep 8, 2010  23.51 23.56 22.92 23.25 -
Sep 7, 2010  22.77 23.94 22.77 23.80 -
Sep 3, 2010  21.99 22.78 21.24 21.31 -
Sep 2, 2010  24.23 24.31 23.15 23.19 -
Sep 1, 2010  25.13 25.13 23.86 23.89 -
Aug 31, 2010 27.58 27.83 25.93 26.05 -
Aug 30, 2010 25.88 27.21 25.41 27.21 -
Aug 27, 2010 26.50 28.11 24.41 24.45 -
Aug 26, 2010 26.45 27.55 25.86 27.37 -
Aug 25, 2010 28.30 28.92 26.46 26.70 -
Aug 24, 2010 27.91 28.77 26.32 27.46 -
Aug 23, 2010 25.97 25.97 24.62 25.66 -
Aug 20, 2010 26.73 27.00 25.49 25.49 -
Aug 19, 2010 24.48 26.78 24.26 26.44 -
Aug 18, 2010 24.30 25.23 23.40 24.59 -
Aug 17, 2010 24.72 24.89 23.71 24.33 -
Aug 16, 2010 27.41 28.10 25.38 26.10 -
Aug 13, 2010 26.08 26.26 25.45 26.24 -
Aug 12, 2010 27.21 27.21 25.18 25.73 -
Aug 11, 2010 24.96 26.10 24.96 25.39 -
Aug 10, 2010 23.30 24.24 22.17 22.37 -
Aug 9, 2010  21.85 22.87 21.36 22.14 -
Aug 6, 2010  23.34 23.89 21.72 21.74 -
Aug 5, 2010  23.04 23.13 22.07 22.10 -
Aug 4, 2010  22.69 23.69 22.16 22.21 -
Aug 3, 2010  22.44 23.06 21.98 22.63 -
Aug 2, 2010  23.07 23.24 21.74 22.01 -
Jul 30, 2010 25.47 27.32 23.35 23.50 -
Jul 29, 2010 23.40 25.54 23.04 24.13 -
Jul 28, 2010 23.93 24.54 22.24 24.25 -
Jul 27, 2010 21.89 23.57 21.86 23.19 -
Jul 26, 2010 24.37 24.61 22.70 22.73 -
Jul 23, 2010 24.79 25.17 23.32 23.47 -
Jul 22, 2010 24.37 24.85 23.72 24.63 -
Jul 21, 2010 23.61 26.63 23.59 25.64 -
Jul 20, 2010 27.35 27.40 23.79 23.93 -
Jul 19, 2010 27.02 27.30 25.12 25.97 -
Jul 16, 2010 25.77 28.16 25.71 26.25 -
Jul 15, 2010 25.08 27.24 24.74 25.14 -
Jul 14, 2010 24.61 25.80 24.18 24.89 -
Jul 13, 2010 23.29 24.57 23.12 24.56 -
Jul 12, 2010 24.66 25.14 23.53 24.43 -
Jul 9, 2010  25.35 25.67 24.37 24.98 -
Jul 8, 2010  26.50 27.42 24.22 25.71 -
Jul 7, 2010  29.56 29.56 26.84 26.84 -
Jul 6, 2010  28.82 31.15 27.96 29.65 -
Jul 2, 2010  31.71 31.88 29.35 30.12 -
Jul 1, 2010  34.41 37.58 32.72 32.86 -
Jun 30, 2010 33.95 34.63 31.74 34.54 -
Jun 29, 2010 31.22 35.39 31.22 34.13 -
Jun 28, 2010 29.20 29.90 28.47 29.00 -
Jun 25, 2010 29.64 30.41 28.07 28.53 -
Jun 24, 2010 27.61 30.27 27.53 29.74 -
Jun 23, 2010 26.93 28.55 26.54 26.91 -
Jun 22, 2010 25.14 27.05 24.41 27.05 -
Jun 21, 2010 22.90 25.64 22.87 24.88 -
Jun 18, 2010 24.87 24.88 23.30 23.95 -
Jun 17, 2010 25.59 26.64 25.05 25.05 -
Jun 16, 2010 26.72 26.72 25.34 25.92 -
Jun 15, 2010 27.68 27.84 25.68 25.87 -
Jun 14, 2010 27.94 28.72 26.98 28.58 -
Jun 11, 2010 31.79 31.79 28.60 28.79 -
Jun 10, 2010 31.00 31.77 29.69 30.57 -
Jun 9, 2010  32.33 34.12 30.23 33.73 -
Jun 8, 2010  36.53 37.38 33.36 33.70 -
Jun 7, 2010  35.66 36.80 34.43 36.57 -
Jun 4, 2010  32.93 36.12 31.81 35.48 -
Jun 3, 2010  29.65 31.20 29.12 29.46 -
Jun 2, 2010  34.39 34.57 29.94 30.17 -
Jun 1, 2010  34.87 35.68 31.82 35.54 -
May 28, 2010 30.23 33.30 29.53 32.07 -
May 27, 2010 30.24 31.03 29.54 29.68 -
May 26, 2010 32.54 35.02 24.10 35.02 -
May 25, 2010 43.15 43.74 34.59 34.61 -
May 24, 2010 41.74 41.74 35.57 38.32 -
May 21, 2010 47.66 48.20 38.95 40.10 -
May 20, 2010 41.79 46.37 40.30 45.79 -
May 19, 2010 34.65 38.42 33.07 35.32 -
May 18, 2010 28.67 34.17 28.09 33.55 -
May 17, 2010 31.33 35.25 30.76 30.84 -
May 14, 2010 28.40 33.24 28.40 31.24 -
May 13, 2010 26.17 26.85 24.30 26.68 -
May 12, 2010 26.56 26.67 24.98 25.52 -
May 11, 2010 31.04 31.04 25.86 28.32 -
May 10, 2010 28.65 30.89 25.68 28.84 -
May 7, 2010  32.76 42.15 31.71 40.95 -
May 6, 2010  25.88 40.71 24.43 32.80 -
May 5, 2010  25.96 27.23 23.75 24.91 -
May 4, 2010  22.46 25.70 22.46 23.84 -
May 3, 2010  22.41 22.41 19.61 20.19 -
Apr 30, 2010 18.75 22.39 18.41 22.05 -
Apr 29, 2010 20.37 20.37 18.44 18.44 -
Apr 28, 2010 22.08 23.03 20.86 21.08 -
Apr 27, 2010 18.13 23.20 17.94 22.81 -
Apr 26, 2010 17.52 17.53 17.07 17.47 -
Apr 23, 2010 16.62 16.71 16.12 16.62 -
Apr 22, 2010 17.48 18.19 16.20 16.47 -
Apr 21, 2010 15.94 16.85 15.50 16.32 -
Apr 20, 2010 16.84 16.89 15.73 15.73 -
Apr 19, 2010 19.14 19.55 17.34 17.34 -
Apr 16, 2010 16.19 19.70 16.11 18.36 -
Apr 15, 2010 15.87 16.50 15.68 15.89 -
Apr 14, 2010 15.80 16.38 15.55 15.59 -
Apr 13, 2010 15.98 16.77 15.81 16.20 -
Apr 12, 2010 15.67 16.00 15.23 15.58 -
Apr 9, 2010  16.32 16.65 16.06 16.14 -
Apr 8, 2010  17.21 17.80 16.30 16.48 -
Apr 7, 2010  16.72 17.21 16.16 16.62 -
Apr 6, 2010  17.39 17.54 16.08 16.23 -
Apr 5, 2010  17.96 18.16 17.02 17.02 -
Apr 1, 2010  17.01 18.09 16.79 17.47 -
Mar 31, 2010 17.66 17.92 17.29 17.59 -
Mar 30, 2010 17.64 18.08 17.13 17.13 -
Mar 29, 2010 18.17 18.28 17.57 17.59 -
Mar 26, 2010 18.27 18.69 17.35 17.77 -
Mar 25, 2010 17.07 18.54 16.62 18.40 -
Mar 24, 2010 16.85 17.92 16.83 17.55 -
Mar 23, 2010 16.84 17.09 16.21 16.35 -
Mar 22, 2010 18.30 18.34 16.77 16.87 -
Mar 19, 2010 16.17 17.57 16.17 16.97 -
Mar 18, 2010 16.96 16.99 16.31 16.62 -
Mar 17, 2010 16.97 17.17 16.52 16.91 -
Mar 16, 2010 17.78 18.01 17.42 17.69 -
Mar 15, 2010 18.28 18.78 17.96 18.00 -
Mar 12, 2010 17.97 18.53 17.58 17.58 -
Mar 11, 2010 18.90 19.34 18.06 18.06 -
Mar 10, 2010 18.00 18.60 17.43 18.57 -
Mar 9, 2010  18.18 18.19 17.51 17.92 -
Mar 8, 2010  17.95 17.96 17.56 17.79 -
Mar 5, 2010  18.06 18.15 17.23 17.42 -
Mar 4, 2010  18.86 19.27 18.58 18.72 -
Mar 3, 2010  18.95 19.30 18.42 18.83 -
Mar 2, 2010  18.83 19.36 18.60 19.06 -
Mar 1, 2010  19.93 19.94 19.18 19.26 -
Feb 26, 2010 19.88 20.53 19.32 19.50 -
Feb 25, 2010 22.03 22.68 20.06 20.10 -
Feb 24, 2010 21.23 21.58 20.22 20.27 -
Feb 23, 2010 20.39 21.94 20.06 21.37 -
Feb 22, 2010 20.16 21.00 19.59 19.94 -
Feb 19, 2010 21.07 21.14 19.71 20.02 -
Feb 18, 2010 21.72 22.21 20.60 20.63 -
Feb 17, 2010 22.25 22.60 21.70 21.72 -
Feb 16, 2010 23.51 23.57 22.13 22.25 -
Feb 12, 2010 23.96 25.54 22.73 22.73 -
Feb 11, 2010 25.82 26.11 23.87 23.96 -
Feb 10, 2010 26.36 26.77 24.80 25.40 -
Feb 9, 2010  26.51 26.56 24.78 26.00 -
Feb 8, 2010  26.11 27.11 25.48 26.51 -
Feb 5, 2010  25.69 29.22 25.37 26.11 -
Feb 4, 2010  22.63 26.32 22.63 26.08 -
Feb 3, 2010  22.11 22.11 21.33 21.60 -
Feb 2, 2010  22.59 22.99 21.08 21.48 -
Feb 1, 2010  24.33 24.33 22.58 22.59 -
Jan 29, 2010 23.73 25.03 22.11 24.62 -
Jan 28, 2010 22.79 25.30 22.69 23.73 -
Jan 27, 2010 24.81 25.69 23.14 23.14 -
Jan 26, 2010 26.03 26.22 22.77 24.55 -
Jan 25, 2010 27.32 27.32 24.61 25.41 -
Jan 22, 2010 22.27 28.01 22.27 27.31 -
Jan 21, 2010 18.59 22.30 18.27 22.27 -
Jan 20, 2010 18.51 19.69 18.44 18.68 -
Jan 19, 2010 18.63 18.85 17.33 17.58 -
Jan 15, 2010 17.63 19.02 17.63 17.91 -
Jan 14, 2010 18.16 18.27 17.38 17.63 -
Jan 13, 2010 17.94 18.72 17.56 17.85 -
Jan 12, 2010 17.95 19.46 17.95 18.25 -
Jan 11, 2010 16.93 17.74 16.86 17.55 -
Jan 8, 2010  19.27 19.27 18.11 18.13 -
Jan 7, 2010  19.68 19.71 18.70 19.06 -
Jan 6, 2010  19.59 19.68 18.77 19.16 -
Jan 5, 2010  20.05 20.13 19.34 19.35 -
Jan 4, 2010  21.68 21.68 20.03 20.04 -
Dec 31, 2009 19.96 21.83 19.89 21.68 -
Dec 30, 2009 20.36 20.44 19.93 19.96 -
Dec 29, 2009 19.87 20.12 19.62 20.01 -
Dec 28, 2009 20.29 20.53 19.90 19.93 -
Dec 24, 2009 19.67 19.67 19.25 19.47 -
Dec 23, 2009 19.54 19.97 19.35 19.71 -
Dec 22, 2009 20.39 20.40 16.26 19.54 -
Dec 21, 2009 21.46 21.51 20.28 20.49 -
Dec 18, 2009 21.84 23.02 21.68 21.68 -
Dec 17, 2009 21.89 22.86 21.40 22.51 -
Dec 16, 2009 21.50 21.50 20.46 20.54 -
Dec 15, 2009 21.09 21.87 20.91 21.49 -
Dec 14, 2009 21.59 21.59 20.57 21.15 -
Dec 11, 2009 21.45 22.31 21.39 21.59 -
Dec 10, 2009 22.66 22.66 21.77 22.32 -
Dec 9, 2009  23.21 24.20 22.54 22.66 -
Dec 8, 2009  23.28 23.97 22.84 23.69 -
Dec 7, 2009  22.32 22.46 21.60 22.10 -
Dec 4, 2009  21.18 22.76 20.62 21.25 -
Dec 3, 2009  21.15 22.50 20.61 22.46 -
Dec 2, 2009  21.89 22.19 21.01 21.12 -
Dec 1, 2009  24.51 24.51 21.88 21.92 -
Nov 30, 2009 24.95 25.57 24.19 24.51 -
Nov 27, 2009 25.75 25.93 23.12 24.85 -
Nov 25, 2009 20.23 20.57 20.05 20.48 -
Nov 24, 2009 21.28 21.87 20.35 20.47 -
Nov 23, 2009 21.98 21.98 20.90 21.16 -
Nov 20, 2009 23.45 23.45 19.77 22.19 -
Nov 19, 2009 21.63 24.20 21.63 22.63 -
Nov 18, 2009 22.35 22.65 21.63 21.63 -
Nov 17, 2009 22.81 23.33 22.27 22.41 -
Nov 16, 2009 23.36 23.42 22.02 22.89 -
Nov 13, 2009 24.25 24.43 23.22 23.36 -
Nov 12, 2009 23.04 24.61 22.91 24.24 -
Nov 11, 2009 22.84 23.68 21.61 23.04 -
Nov 10, 2009 23.15 23.53 22.78 22.84 -
Nov 9, 2009  24.19 24.24 22.78 23.15 -
Nov 6, 2009  26.17 26.17 24.06 24.19 -
Nov 5, 2009  27.28 27.39 25.41 25.43 -
Nov 4, 2009  28.81 28.81 26.61 27.72 -
Nov 3, 2009  30.62 30.80 28.77 28.81 -
Nov 2, 2009  30.70 31.84 28.07 29.78 -
Oct 30, 2009 24.76 31.59 24.76 30.69 -
Oct 29, 2009 27.16 27.19 24.68 24.76 -
Oct 28, 2009 24.83 27.94 24.83 27.91 -
Oct 27, 2009 24.38 25.22 24.03 24.83 -
Oct 26, 2009 23.06 24.86 21.89 24.31 -
Oct 23, 2009 20.70 22.59 20.34 22.27 -
Oct 22, 2009 22.22 22.77 20.33 20.69 -
Oct 21, 2009 20.90 22.48 20.10 22.22 -
Oct 20, 2009 21.55 21.76 20.90 20.90 -
Oct 19, 2009 21.41 22.46 20.91 21.49 -
Oct 16, 2009 21.72 22.60 20.98 21.43 -
Oct 15, 2009 23.51 23.53 21.49 21.72 -
Oct 14, 2009 22.08 22.89 21.55 22.86 -
Oct 13, 2009 23.00 24.07 22.74 22.99 -
Oct 12, 2009 23.12 23.53 22.67 23.01 -
Oct 9, 2009  24.39 24.54 22.99 23.12 -
Oct 8, 2009  24.68 24.69 23.90 24.18 -
Oct 7, 2009  25.78 25.82 24.57 24.68 -
Oct 6, 2009  26.39 26.41 25.19 25.70 -
Oct 5, 2009  29.34 29.34 26.57 26.84 -
Oct 2, 2009  29.34 29.56 27.98 28.68 -
Oct 1, 2009  25.98 28.42 25.98 28.27 -
Sep 30, 2009 25.19 26.45 24.76 25.61 -
Sep 29, 2009 24.88 25.28 24.54 25.19 -
Sep 28, 2009 26.26 26.40 24.85 24.88 -
Sep 25, 2009 25.18 26.34 24.81 25.61 -
Sep 24, 2009 23.67 25.37 23.44 24.95 -
Sep 23, 2009 22.90 23.69 22.19 23.49 -
Sep 22, 2009 23.81 23.98 23.06 23.08 -
Sep 21, 2009 25.34 25.51 23.71 24.06 -
Sep 18, 2009 23.65 24.43 23.14 23.92 -
Sep 17, 2009 23.99 24.07 22.79 23.65 -
Sep 16, 2009 23.29 23.92 22.78 23.69 -
Sep 15, 2009 23.90 24.27 23.07 23.42 -
Sep 14, 2009 25.39 25.39 23.32 23.86 -
Sep 11, 2009 23.49 24.33 22.48 24.15 -
Sep 10, 2009 24.40 24.76 22.82 23.55 -
Sep 9, 2009  25.66 25.93 24.23 24.32 -
Sep 8, 2009  25.26 26.15 25.26 25.62 -
Sep 4, 2009  26.98 26.98 24.86 25.26 -
Sep 3, 2009  28.90 28.90 26.98 27.10 -
Sep 2, 2009  29.14 29.57 28.41 28.90 -
Sep 1, 2009  26.01 29.23 26.00 29.15 -
Aug 31, 2009 24.76 27.01 24.76 26.01 -
Aug 28, 2009 24.44 25.50 24.28 24.76 -
Aug 27, 2009 25.13 25.89 24.43 24.68 -
Aug 26, 2009 24.91 25.56 24.69 24.95 -
Aug 25, 2009 25.13 25.13 22.58 24.92 -
Aug 24, 2009 25.01 25.70 25.01 25.14 -
Aug 21, 2009 24.49 25.06 23.91 25.01 -
Aug 20, 2009 26.45 26.45 24.75 25.09 -
Aug 19, 2009 28.08 28.14 26.14 26.26 -
Aug 18, 2009 27.89 27.89 26.08 26.18 -
Aug 17, 2009 24.27 28.39 24.27 27.89 -
Aug 14, 2009 24.77 25.94 24.26 24.27 -
Aug 13, 2009 25.34 26.15 24.71 24.71 -
Aug 12, 2009 25.99 26.50 25.11 25.45 -
Aug 11, 2009 24.98 26.98 24.98 25.99 -
Aug 10, 2009 24.76 25.82 24.76 24.99 -
Aug 7, 2009  24.71 24.95 23.98 24.76 -
Aug 6, 2009  24.90 26.15 24.47 25.67 -
Aug 5, 2009  24.91 25.85 24.86 24.90 -
Aug 4, 2009  25.55 26.16 24.89 24.89 -
Aug 3, 2009  25.92 26.49 25.56 25.56 -
Jul 31, 2009 25.40 26.22 24.93 25.92 -
Jul 30, 2009 25.40 25.76 24.85 25.40 -
Jul 29, 2009 25.47 26.18 25.41 25.61 -
Jul 28, 2009 24.28 25.61 24.28 25.01 -
Jul 27, 2009 24.06 24.86 24.02 24.28 -
Jul 24, 2009 23.87 23.87 23.00 23.09 -
Jul 23, 2009 23.71 24.05 23.21 23.43 -
Jul 22, 2009 24.05 24.14 23.24 23.47 -
Jul 21, 2009 24.28 25.14 23.81 23.87 -
Jul 20, 2009 25.06 25.42 24.26 24.40 -
Jul 17, 2009 25.42 25.55 23.88 24.34 -
Jul 16, 2009 25.96 26.18 24.51 25.42 -
Jul 15, 2009 25.05 26.06 23.83 25.89 -
Jul 14, 2009 26.31 26.84 24.99 25.02 -
Jul 13, 2009 28.36 29.24 25.42 26.31 -
Jul 10, 2009 29.78 30.34 28.82 29.02 -
Jul 9, 2009  30.23 30.49 29.28 29.78 -
Jul 8, 2009  30.85 33.05 30.43 31.30 -
Jul 7, 2009  29.00 30.94 28.90 30.85 -
Jul 6, 2009  30.32 30.60 28.99 29.00 -
Jul 2, 2009  26.22 28.62 26.22 27.95 -
Jul 1, 2009  25.73 26.31 24.80 26.22 -
Jun 30, 2009 25.36 27.38 25.02 26.35 -
Jun 29, 2009 25.93 27.18 25.29 25.35 -
Jun 26, 2009 27.09 27.22 25.76 25.93 -
Jun 25, 2009 29.45 29.56 26.30 26.36 -
Jun 24, 2009 30.58 30.58 28.79 29.05 -
Jun 23, 2009 31.30 31.54 27.83 30.58 -
Jun 22, 2009 30.40 32.05 30.30 31.17 -
Jun 19, 2009 29.16 29.32 27.56 27.99 -
Jun 18, 2009 31.54 31.54 29.60 30.03 -
Jun 17, 2009 31.19 32.77 30.64 31.54 -
Jun 16, 2009 30.81 32.75 30.07 32.68 -
Jun 15, 2009 29.70 31.09 29.64 30.81 -
Jun 12, 2009 28.08 28.50 27.73 28.15 -
Jun 11, 2009 27.36 28.11 26.81 28.11 -
Jun 10, 2009 26.90 29.74 26.90 28.46 -
Jun 9, 2009  29.77 29.77 27.79 28.27 -
Jun 8, 2009  30.84 31.82 26.41 29.77 -
Jun 5, 2009  29.39 30.81 28.85 29.62 -
Jun 4, 2009  31.02 31.02 29.92 30.18 -
Jun 3, 2009  29.62 31.79 29.62 31.05 -
Jun 2, 2009  30.06 30.13 28.30 29.63 -
Jun 1, 2009  28.70 30.04 28.45 30.04 -
May 29, 2009 31.67 31.67 28.85 28.92 -
May 28, 2009 31.54 33.32 31.10 31.67 -
May 27, 2009 30.80 32.53 29.62 32.36 -
May 26, 2009 34.57 34.57 30.38 30.62 -
May 22, 2009 31.36 32.71 30.57 32.63 -
May 21, 2009 29.03 32.77 29.03 31.35 -
May 20, 2009 27.47 29.16 26.57 29.03 -
May 19, 2009 30.23 30.32 28.35 28.80 -
May 18, 2009 32.91 32.91 30.00 30.24 -
May 15, 2009 31.36 33.61 30.59 33.12 -
May 14, 2009 33.65 33.96 31.32 31.37 -
May 13, 2009 32.97 33.99 32.56 33.65 -
May 12, 2009 32.68 33.29 31.57 31.80 -
May 11, 2009 33.35 33.39 32.31 32.87 -
May 8, 2009  32.36 32.72 31.19 32.05 -
May 7, 2009  32.10 34.56 31.91 33.44 -
May 6, 2009  33.36 33.70 32.43 32.45 -
May 5, 2009  34.54 35.14 33.36 33.36 -
May 4, 2009  35.30 36.24 34.31 34.53 -
May 1, 2009  36.50 36.88 34.88 35.30 -
Apr 30, 2009 36.09 36.71 34.50 36.50 -
Apr 29, 2009 37.95 37.95 35.37 36.08 -
Apr 28, 2009 39.43 39.64 37.42 37.95 -
Apr 27, 2009 39.46 39.52 37.97 38.32 -
Apr 24, 2009 36.86 37.53 36.37 36.82 -
Apr 23, 2009 38.10 38.52 37.01 37.15 -
Apr 22, 2009 37.14 38.11 36.14 36.14 -
Apr 21, 2009 40.27 40.29 36.95 37.14 -
Apr 20, 2009 33.94 39.58 33.94 39.18 -
Apr 17, 2009 35.36 35.52 33.68 33.94 -
Apr 16, 2009 36.04 36.80 34.88 35.79 -
Apr 15, 2009 37.85 38.06 36.10 36.17 -
Apr 14, 2009 37.95 38.50 36.88 37.67 -
Apr 13, 2009 38.32 38.91 37.51 37.81 -
Apr 9, 2009  37.22 37.74 36.53 36.53 -
Apr 8, 2009  40.39 40.86 38.70 38.85 -
Apr 7, 2009  41.48 42.50 40.36 40.39 -
Apr 6, 2009  41.96 43.02 40.83 40.93 -
Apr 3, 2009  42.03 42.03 39.64 39.70 -
Apr 2, 2009  42.28 42.68 40.30 42.04 -
Apr 1, 2009  45.42 45.60 42.26 42.28 -
Mar 31, 2009 45.54 45.54 42.27 44.14 -
Mar 30, 2009 44.86 46.28 44.86 45.54 -
Mar 27, 2009 40.36 42.13 40.36 41.04 -
Mar 26, 2009 42.25 42.25 40.17 40.36 -
Mar 25, 2009 42.35 44.20 40.81 42.25 -
Mar 24, 2009 43.24 44.00 41.63 42.93 -
Mar 23, 2009 45.89 45.89 41.27 43.23 -
Mar 20, 2009 43.60 47.63 43.07 45.89 -
Mar 19, 2009 40.06 44.17 38.79 43.68 -
Mar 18, 2009 41.14 42.39 38.98 40.06 -
Mar 17, 2009 44.23 44.59 40.74 40.80 -
Mar 16, 2009 42.36 44.23 42.36 43.74 -
Mar 13, 2009 40.99 43.52 40.03 42.36 -
Mar 12, 2009 43.53 43.98 40.75 41.18 -
Mar 11, 2009 43.35 44.26 42.36 43.61 -
Mar 10, 2009 49.68 49.68 43.88 44.37 -
Mar 9, 2009  49.35 51.34 48.40 49.68 -
Mar 6, 2009  50.17 51.95 47.65 49.33 -
Mar 5, 2009  47.56 51.95 46.98 50.17 -
Mar 4, 2009  48.02 48.83 45.02 47.56 -
Mar 3, 2009  52.65 52.76 48.50 50.93 -
Mar 2, 2009  48.98 53.25 48.35 52.65 -
Feb 27, 2009 44.66 47.34 44.46 46.35 -
Feb 26, 2009 43.75 45.33 41.91 44.66 -
Feb 25, 2009 45.73 47.23 42.84 44.67 -
Feb 24, 2009 52.50 52.56 44.28 45.49 -
Feb 23, 2009 49.30 53.16 48.97 52.62 -
Feb 20, 2009 47.08 52.04 42.02 49.30 -
Feb 19, 2009 48.54 48.54 44.81 47.08 -
Feb 18, 2009 48.66 50.29 46.00 48.46 -
Feb 17, 2009 48.14 51.18 46.96 48.66 -
Feb 13, 2009 41.60 43.02 40.73 42.93 -
Feb 12, 2009 44.52 48.63 41.21 41.25 -
Feb 11, 2009 46.67 46.67 44.50 44.53 -
Feb 10, 2009 45.14 48.12 44.18 46.67 -
Feb 9, 2009  45.40 45.45 43.04 43.64 -
Feb 6, 2009  43.71 43.71 41.20 43.37 -
Feb 5, 2009  43.83 46.23 42.32 43.73 -
Feb 4, 2009  43.06 44.52 41.39 43.85 -
Feb 3, 2009  45.52 45.52 42.43 43.06 -
Feb 2, 2009  49.42 49.54 45.26 45.52 -
Jan 30, 2009 42.63 45.53 42.09 44.84 -
Jan 29, 2009 41.34 43.03 41.12 42.63 -
Jan 28, 2009 42.25 42.25 33.48 39.66 -
Jan 27, 2009 45.11 45.93 42.20 42.25 -
Jan 26, 2009 47.89 47.93 44.29 45.69 -
Jan 23, 2009 50.39 51.11 46.43 47.27 -
Jan 22, 2009 50.65 51.76 46.51 47.29 -
Jan 21, 2009 51.52 54.12 46.15 46.42 -
Jan 20, 2009 50.12 57.36 49.27 56.65 -
Jan 16, 2009 51.00 51.00 45.96 46.11 -
Jan 15, 2009 49.14 55.16 49.14 51.00 -
Jan 14, 2009 46.24 51.55 46.14 49.14 -
Jan 13, 2009 45.84 47.08 43.23 43.27 -
Jan 12, 2009 42.06 46.62 41.94 45.84 -
Jan 9, 2009  41.18 43.13 41.05 42.82 -
Jan 8, 2009  43.38 44.60 42.56 42.56 -
Jan 7, 2009  38.56 43.82 38.56 43.39 -
Jan 6, 2009  38.06 39.33 37.34 38.56 -
Jan 5, 2009  39.24 40.22 38.30 39.08 -
Jan 2, 2009  39.58 39.82 36.88 39.19 -
Dec 31, 2008 41.63 41.63 37.96 40.00 -
Dec 30, 2008 43.99 44.29 41.63 41.63 -
Dec 29, 2008 43.35 46.24 42.16 43.90 -
Dec 26, 2008 44.27 44.36 42.92 43.38 -
Dec 24, 2008 45.02 45.02 44.15 44.80 -
Dec 23, 2008 43.19 45.39 41.68 45.02 -
Dec 22, 2008 44.93 46.69 42.75 44.56 -
Dec 19, 2008 46.01 46.01 41.29 44.93 -
Dec 18, 2008 49.84 49.84 44.50 47.34 -
Dec 17, 2008 52.00 52.19 49.36 49.84 -
Dec 16, 2008 56.76 56.76 50.91 52.37 -
Dec 15, 2008 55.68 58.49 55.68 56.76 -
Dec 12, 2008 55.78 58.84 54.26 54.28 -
Dec 11, 2008 55.08 56.44 52.94 55.78 -
Dec 10, 2008 58.91 58.91 53.79 55.73 -
Dec 9, 2008  59.48 59.57 56.37 58.91 -
Dec 8, 2008  58.86 59.87 57.35 58.49 -
Dec 5, 2008  63.64 66.54 59.26 59.93 -
Dec 4, 2008  62.19 65.08 60.21 63.64 -
Dec 3, 2008  62.98 65.37 60.18 60.72 -
Dec 2, 2008  66.68 67.01 62.31 62.98 -
Dec 1, 2008  60.47 68.60 60.36 68.51 -
Nov 28, 2008 56.02 56.82 50.50 55.28 -
Nov 26, 2008 60.90 62.50 54.62 54.92 -
Nov 25, 2008 64.76 65.49 60.25 60.90 -
Nov 24, 2008 71.19 71.35 61.81 64.70 -
Nov 21, 2008 80.74 80.74 68.41 72.67 -
Nov 20, 2008 74.26 81.48 72.76 80.86 -
Nov 19, 2008 68.46 75.00 67.34 74.26 -
Nov 18, 2008 70.09 73.13 67.18 67.64 -
Nov 17, 2008 69.57 69.59 65.10 69.15 -
Nov 14, 2008 62.60 66.31 59.75 66.31 -
Nov 13, 2008 66.45 69.99 58.66 59.83 -
Nov 12, 2008 61.52 67.19 61.52 66.46 -
Nov 11, 2008 59.98 64.73 58.58 61.44 -
Nov 10, 2008 56.09 62.09 54.63 59.98 -
Nov 7, 2008  63.68 63.68 56.03 56.10 -
Nov 6, 2008  56.71 64.78 55.60 63.68 -
Nov 5, 2008  47.73 55.62 46.87 54.56 -
Nov 4, 2008  53.68 53.68 44.25 47.73 -
Nov 3, 2008  60.17 60.77 53.63 53.68 -
Oct 31, 2008 62.93 65.85 56.73 59.89 -
Oct 30, 2008 69.83 69.83 62.67 62.90 -
Oct 29, 2008 66.96 71.14 62.72 69.96 -
Oct 28, 2008 73.30 78.98 53.81 66.96 -
Oct 27, 2008 79.13 81.65 65.90 80.06 -
Oct 24, 2008 67.80 89.53 67.80 79.13 -
Oct 23, 2008 68.03 79.43 51.83 67.80 -
Oct 22, 2008 53.00 81.45 53.00 69.65 -
Oct 21, 2008 52.95 56.37 50.91 53.11 -
Oct 20, 2008 70.40 70.40 52.70 52.97 -
Oct 17, 2008 67.65 74.48 59.82 70.33 -
Oct 16, 2008 69.21 81.17 66.51 67.61 -
Oct 15, 2008 55.69 69.47 55.69 69.25 -
Oct 14, 2008 55.10 59.81 46.35 55.13 -
Oct 13, 2008 69.95 71.42 54.69 54.99 -
Oct 10, 2008 65.85 76.94 58.20 69.95 -
Oct 9, 2008  57.57 64.92 52.54 63.92 -
Oct 8, 2008  53.68 59.06 51.90 57.53 -
Oct 7, 2008  52.05 54.19 47.03 53.68 -
Oct 6, 2008  45.12 58.24 45.12 52.05 -
Oct 3, 2008  45.22 45.52 41.51 45.14 -
Oct 2, 2008  39.82 46.48 39.82 45.26 -
Oct 1, 2008  39.39 42.38 39.39 39.81 -
Sep 30, 2008 43.77 43.80 38.86 39.39 -
Sep 29, 2008 36.92 48.40 36.92 46.72 -
Sep 26, 2008 32.82 36.40 32.82 34.74 -
Sep 25, 2008 35.19 35.19 32.45 32.82 -
Sep 24, 2008 35.70 36.71 34.16 35.19 -
Sep 23, 2008 33.85 36.08 32.63 35.72 -
Sep 22, 2008 32.40 34.22 30.81 33.85 -
Sep 19, 2008 33.07 33.08 27.95 32.07 -
Sep 18, 2008 36.10 42.16 33.10 33.10 -
Sep 17, 2008 30.25 36.40 30.25 36.22 -
Sep 16, 2008 31.70 33.70 30.24 30.30 -
Sep 15, 2008 25.66 31.87 25.66 31.70 -
Sep 12, 2008 24.80 26.67 24.80 25.66 -
Sep 11, 2008 25.38 26.25 24.39 24.39 -
Sep 10, 2008 25.47 25.48 23.80 24.52 -
Sep 9, 2008  22.69 25.68 22.58 25.47 -
Sep 8, 2008  22.22 24.06 22.12 22.64 -
Sep 5, 2008  24.54 24.71 22.97 23.06 -
Sep 4, 2008  22.02 24.15 21.91 24.03 -
Sep 3, 2008  21.99 22.30 21.39 21.43 -
Sep 2, 2008  20.65 22.30 20.47 21.99 -
Aug 29, 2008 19.43 20.71 19.43 20.65 -
Aug 28, 2008 19.36 19.66 19.22 19.43 -
Aug 27, 2008 20.48 20.67 19.53 19.76 -
Aug 26, 2008 20.98 21.27 20.48 20.49 -
Aug 25, 2008 18.78 21.22 18.78 20.97 -
Aug 22, 2008 19.83 19.83 18.64 18.81 -
Aug 21, 2008 20.43 21.08 18.94 19.82 -
Aug 20, 2008 21.30 21.67 20.39 20.42 -
Aug 19, 2008 21.76 22.14 21.28 21.28 -
Aug 18, 2008 19.58 21.44 19.58 20.98 -
Aug 15, 2008 20.24 20.65 19.57 19.58 -
Aug 14, 2008 22.30 22.30 20.07 20.34 -
Aug 13, 2008 21.57 22.11 20.80 21.55 -
Aug 12, 2008 20.64 21.51 20.38 21.17 -
Aug 11, 2008 20.66 20.96 19.66 20.12 -
Aug 8, 2008  21.15 21.69 20.11 20.66 -
Aug 7, 2008  20.23 21.46 20.23 21.15 -
Aug 6, 2008  21.66 21.66 19.75 20.23 -
Aug 5, 2008  22.99 22.99 20.06 21.14 -
Aug 4, 2008  23.53 23.86 22.94 23.49 -
Aug 1, 2008  22.66 23.37 22.35 22.57 -
Jul 31, 2008 22.33 22.96 21.45 22.94 -
Jul 30, 2008 22.03 22.31 20.99 21.21 -
Jul 29, 2008 24.20 24.22 21.96 22.03 -
Jul 28, 2008 22.91 24.62 22.91 24.23 -
Jul 25, 2008 23.45 23.45 22.31 22.91 -
Jul 24, 2008 21.31 23.61 21.31 23.44 -
Jul 23, 2008 21.23 22.08 20.73 21.31 -
Jul 22, 2008 24.02 24.08 21.05 21.18 -
Jul 21, 2008 24.05 24.58 23.04 23.05 -
Jul 18, 2008 25.01 25.19 23.78 24.05 -
Jul 17, 2008 24.58 25.50 23.99 25.01 -
Jul 16, 2008 29.09 29.09 24.87 25.10 -
Jul 15, 2008 28.47 30.81 27.01 28.54 -
Jul 14, 2008 27.49 29.30 26.90 28.48 -
Jul 11, 2008 25.56 29.44 25.56 27.49 -
Jul 10, 2008 25.22 26.62 25.07 25.59 -
Jul 9, 2008  23.16 25.39 22.59 25.23 -
Jul 8, 2008  25.72 26.05 23.02 23.15 -
Jul 7, 2008  25.48 26.91 24.73 25.78 -
Jul 3, 2008  25.92 26.08 24.44 24.79 -
Jul 2, 2008  23.40 25.96 22.70 25.92 -
Jul 1, 2008  25.14 25.57 23.64 23.65 -
Jun 30, 2008 24.25 24.26 23.27 23.95 -
Jun 27, 2008 23.75 24.56 23.30 23.44 -
Jun 26, 2008 22.23 23.99 22.15 23.93 -
Jun 25, 2008 22.42 22.42 20.34 21.14 -
Jun 24, 2008 22.69 23.48 21.68 22.42 -
Jun 23, 2008 22.89 23.14 22.52 22.64 -
Jun 20, 2008 21.58 23.70 21.58 22.87 -
Jun 19, 2008 22.24 22.61 20.91 21.58 -
Jun 18, 2008 21.67 22.86 21.26 22.24 -
Jun 17, 2008 20.96 21.42 20.02 21.13 -
Jun 16, 2008 21.22 22.84 20.73 20.95 -
Jun 13, 2008 23.02 23.14 21.04 21.22 -
Jun 12, 2008 23.61 23.98 19.46 23.33 -
Jun 11, 2008 23.44 24.30 22.86 24.12 -
Jun 10, 2008 24.37 24.42 22.31 23.18 -
Jun 9, 2008  23.56 24.47 20.78 23.12 -
Jun 6, 2008  18.63 23.79 18.63 23.56 -
Jun 5, 2008  20.54 20.59 18.62 18.63 -
Jun 4, 2008  20.64 21.31 19.76 20.80 -
Jun 3, 2008  19.80 21.00 18.89 20.24 -
Jun 2, 2008  17.83 20.45 17.83 19.83 -
May 30, 2008 18.14 18.21 17.56 17.83 -
May 29, 2008 19.08 19.17 17.54 18.14 -
May 28, 2008 19.64 20.03 19.01 19.07 -
May 27, 2008 20.78 20.95 19.42 19.64 -
May 23, 2008 18.58 19.80 18.38 19.55 -
May 22, 2008 18.92 19.11 17.82 18.05 -
May 21, 2008 17.64 18.89 17.01 18.59 -
May 20, 2008 17.02 18.42 17.02 17.58 -
May 19, 2008 16.47 17.89 15.82 17.01 -
May 16, 2008 16.30 17.92 16.30 16.47 -
May 15, 2008 17.65 17.84 16.25 16.30 -
May 14, 2008 17.98 17.98 16.19 17.66 -
May 13, 2008 17.79 19.63 17.76 17.98 -
May 12, 2008 19.17 19.48 16.92 17.79 -
May 9, 2008  19.98 20.01 19.30 19.41 -
May 8, 2008  19.73 19.92 18.62 19.40 -
May 7, 2008  18.48 19.98 18.42 19.73 -
May 6, 2008  18.90 19.57 18.11 18.21 -
May 5, 2008  19.16 19.29 18.68 18.90 -
May 2, 2008  18.87 19.11 17.97 18.18 -
May 1, 2008  20.78 20.83 18.87 18.88 -
Apr 30, 2008 20.24 20.81 19.69 20.79 -
Apr 29, 2008 19.86 20.54 19.63 20.24 -
Apr 28, 2008 20.14 20.25 19.37 19.64 -
Apr 25, 2008 19.60 20.36 19.28 19.59 -
Apr 24, 2008 20.26 20.77 19.21 20.06 -
Apr 23, 2008 20.63 20.95 19.88 20.26 -
Apr 22, 2008 20.47 21.60 20.47 20.87 -
Apr 21, 2008 20.15 21.12 20.15 20.50 -
Apr 18, 2008 20.37 20.37 19.21 20.13 -
Apr 17, 2008 21.13 21.54 20.35 20.37 -
Apr 16, 2008 22.03 22.09 20.50 20.53 -
Apr 15, 2008 23.84 23.99 22.72 22.78 -
Apr 14, 2008 23.46 24.35 23.46 23.82 -
Apr 11, 2008 23.03 23.59 22.65 23.46 -
Apr 10, 2008 22.80 23.22 21.63 21.98 -
Apr 9, 2008  22.36 23.57 22.36 22.81 -
Apr 8, 2008  22.42 23.16 22.36 22.36 -
Apr 7, 2008  22.45 22.73 21.21 22.42 -
Apr 4, 2008  23.00 23.31 21.75 22.45 -
Apr 3, 2008  23.84 24.15 23.00 23.21 -
Apr 2, 2008  22.64 23.65 22.39 23.43 -
Apr 1, 2008  25.61 25.61 22.52 22.68 -
Mar 31, 2008 25.71 26.77 25.35 25.61 -
Mar 28, 2008 25.81 25.96 25.04 25.71 -
Mar 27, 2008 25.55 25.98 24.91 25.88 -
Mar 26, 2008 25.75 26.85 25.51 26.08 -
Mar 25, 2008 25.75 26.42 25.17 25.72 -
Mar 24, 2008 26.64 27.04 24.75 25.73 -
Mar 20, 2008 29.84 29.84 25.80 26.62 -
Mar 19, 2008 25.78 29.95 25.16 29.84 -
Mar 18, 2008 32.24 32.24 25.58 25.79 -
Mar 17, 2008 35.14 35.60 31.10 32.24 -
Mar 14, 2008 27.31 32.89 26.02 31.16 -
Mar 13, 2008 27.22 29.62 25.65 27.29 -
Mar 12, 2008 26.39 27.25 24.90 27.22 -
Mar 11, 2008 27.25 28.64 26.35 26.36 -
Mar 10, 2008 28.13 29.73 27.92 29.38 -
Mar 7, 2008  28.52 29.29 26.48 27.49 -
Mar 6, 2008  25.45 27.90 25.04 27.55 -
Mar 5, 2008  25.52 25.77 23.30 24.60 -
Mar 4, 2008  27.19 27.42 25.51 25.52 -
Mar 3, 2008  27.54 28.13 26.27 26.28 -
Feb 29, 2008 23.54 26.91 23.54 26.54 -
Feb 28, 2008 22.69 23.79 22.69 23.53 -
Feb 27, 2008 21.90 23.01 21.83 22.69 -
Feb 26, 2008 23.44 23.45 21.64 21.90 -
Feb 25, 2008 24.06 25.07 22.69 23.03 -
Feb 22, 2008 24.99 25.93 23.62 24.06 -
Feb 21, 2008 24.42 25.45 23.74 25.12 -
Feb 20, 2008 25.60 26.95 24.21 24.40 -
Feb 19, 2008 25.39 26.59 24.73 25.59 -
Feb 15, 2008 25.58 25.67 24.45 25.02 -
Feb 14, 2008 24.64 25.64 23.98 25.54 -
Feb 13, 2008 25.67 26.06 24.57 24.88 -
Feb 12, 2008 26.56 27.17 25.25 26.33 -
Feb 11, 2008 29.14 29.57 27.32 27.60 -
Feb 8, 2008  27.98 28.89 27.22 28.01 -
Feb 7, 2008  29.51 29.70 26.78 27.66 -
Feb 6, 2008  27.75 29.31 27.04 28.97 -
Feb 5, 2008  27.20 28.49 27.20 28.24 -
Feb 4, 2008  25.09 26.03 24.85 25.99 -
Feb 1, 2008  25.66 25.75 24.02 24.02 -
Jan 31, 2008 28.78 28.81 25.45 26.20 -
Jan 30, 2008 27.53 28.34 24.74 27.62 -
Jan 29, 2008 26.61 27.96 26.55 27.32 -
Jan 28, 2008 29.67 30.26 27.57 27.78 -
Jan 25, 2008 26.19 29.76 25.93 29.08 -
Jan 24, 2008 28.07 28.48 27.03 27.78 -
Jan 23, 2008 33.84 34.42 22.82 29.02 -
Jan 22, 2008 35.12 37.57 29.71 31.01 -
Jan 18, 2008 27.55 29.30 26.27 27.18 -
Jan 17, 2008 24.11 28.51 23.87 28.46 -
Jan 16, 2008 23.90 24.38 22.85 24.38 -
Jan 15, 2008 24.10 24.59 22.97 23.34 -
Jan 14, 2008 23.76 23.93 22.65 22.90 -
Jan 11, 2008 24.04 24.41 23.22 23.68 -
Jan 10, 2008 24.56 24.61 22.62 23.45 -
Jan 9, 2008  25.61 25.95 23.90 24.12 -
Jan 8, 2008  23.27 25.60 22.63 25.43 -
Jan 7, 2008  24.62 24.88 23.30 23.79 -
Jan 4, 2008  23.50 24.30 23.25 23.94 -
Jan 3, 2008  23.11 23.27 22.11 22.49 -
Jan 2, 2008  22.58 24.05 22.40 23.17 -
Dec 31, 2007 21.87 22.75 21.79 22.50 -
Dec 28, 2007 19.59 21.05 19.44 20.74 -
Dec 27, 2007 19.15 20.51 19.15 20.26 -
Dec 26, 2007 19.37 19.47 18.60 18.66 -
Dec 24, 2007 19.08 19.42 18.48 18.61 -
Dec 21, 2007 19.82 19.82 18.28 18.47 -
Dec 20, 2007 21.02 21.67 20.58 20.58 -
Dec 19, 2007 22.62 22.68 21.30 21.68 -
Dec 18, 2007 23.70 24.60 22.41 22.64 -
Dec 17, 2007 24.13 24.86 23.42 24.52 -
Dec 14, 2007 23.53 23.53 22.26 23.27 -
Dec 13, 2007 23.53 24.04 22.41 22.56 -
Dec 12, 2007 20.82 24.22 20.49 22.47 -
Dec 11, 2007 20.69 23.70 19.77 23.59 -
Dec 10, 2007 21.16 21.46 20.36 20.74 -
Dec 7, 2007  20.69 21.01 20.29 20.85 -
Dec 6, 2007  22.68 22.75 19.65 20.96 -
Dec 5, 2007  22.72 23.03 21.87 22.53 -
Dec 4, 2007  24.30 24.59 23.32 23.79 -
Dec 3, 2007  23.59 24.49 23.40 23.61 -
Nov 30, 2007 22.67 23.39 22.00 22.87 -
Nov 29, 2007 24.59 24.61 23.35 23.97 -
Nov 28, 2007 25.14 25.14 23.55 24.11 -
Nov 27, 2007 28.14 28.24 26.23 26.28 -
Nov 26, 2007 26.46 28.95 25.84 28.91 -
Nov 23, 2007 26.42 26.42 25.35 25.61 -
Nov 21, 2007 26.30 27.77 24.55 26.84 -
Nov 20, 2007 26.12 27.35 23.62 24.88 -
Nov 19, 2007 26.74 27.18 25.74 26.01 -
Nov 16, 2007 27.04 28.12 25.12 25.49 -
Nov 15, 2007 26.96 29.31 25.98 28.06 -
Nov 14, 2007 23.35 27.03 23.07 25.94 -
Nov 13, 2007 27.47 27.50 23.82 24.10 -
Nov 12, 2007 30.57 31.09 24.47 31.09 -
Nov 9, 2007  27.96 28.84 26.21 28.50 -
Nov 8, 2007  26.45 29.15 25.32 26.16 -
Nov 7, 2007  23.15 26.85 22.75 26.49 -
Nov 6, 2007  23.50 23.74 21.24 21.39 -
Nov 5, 2007  25.25 25.46 23.61 24.31 -
Nov 2, 2007  22.56 25.17 22.56 23.01 -
Nov 1, 2007  19.89 24.15 17.38 23.21 -
Oct 31, 2007 20.53 22.09 18.30 18.53 -
Oct 30, 2007 20.46 21.15 20.31 21.07 -
Oct 29, 2007 19.93 20.24 16.84 19.87 -
Oct 26, 2007 19.84 20.97 19.48 19.56 -
Oct 25, 2007 20.84 22.40 20.04 21.17 -
Oct 24, 2007 21.16 24.15 20.59 20.80 -
Oct 23, 2007 21.29 21.43 20.13 20.41 -
Oct 22, 2007 23.89 23.94 21.38 21.64 -
Oct 19, 2007 19.15 22.96 19.02 22.96 -
Oct 18, 2007 19.16 19.56 17.73 18.50 -
Oct 17, 2007 18.76 20.11 18.28 18.54 -
Oct 16, 2007 20.07 20.75 19.73 20.02 -
Oct 15, 2007 18.14 20.01 17.95 19.25 -
Oct 12, 2007 18.68 18.74 17.49 17.73 -
Oct 11, 2007 16.15 19.73 16.08 18.88 -
Oct 10, 2007 16.42 17.35 16.39 16.67 -
Oct 9, 2007  17.15 17.28 16.09 16.12 -
Oct 8, 2007  17.73 17.83 17.32 17.46 -
Oct 5, 2007  17.55 17.56 16.44 16.91 -
Oct 4, 2007  18.65 18.65 18.26 18.44 -
Oct 3, 2007  18.88 18.99 18.31 18.80 -
Oct 2, 2007  17.67 18.89 17.60 18.49 -
Oct 1, 2007  18.44 18.44 17.11 17.84 -
Sep 28, 2007 17.23 18.22 16.91 18.00 -
Sep 27, 2007 17.12 17.47 16.95 17.00 -
Sep 26, 2007 17.92 18.18 17.30 17.63 -
Sep 25, 2007 20.25 20.46 18.44 18.60 -
Sep 24, 2007 19.04 19.62 18.32 19.37 -
Sep 21, 2007 19.44 19.81 18.37 19.00 -
Sep 20, 2007 20.47 20.82 19.55 20.45 -
Sep 19, 2007 19.96 20.57 19.17 20.03 -
Sep 18, 2007 25.79 26.23 20.27 20.35 -
Sep 17, 2007 26.45 27.08 25.80 26.48 -
Sep 14, 2007 26.38 26.48 24.68 24.92 -
Sep 13, 2007 25.01 25.32 23.83 24.76 -
Sep 12, 2007 25.97 26.21 24.57 24.96 -
Sep 11, 2007 27.11 27.21 25.19 25.27 -
Sep 10, 2007 26.91 28.82 26.56 27.38 -
Sep 7, 2007  25.98 26.97 25.60 26.23 -
Sep 6, 2007  24.43 25.14 23.66 23.99 -
Sep 5, 2007  24.03 25.45 23.80 24.58 -
Sep 4, 2007  21.93 24.81 21.71 22.78 -
Aug 31, 2007 23.53 24.07 22.47 23.38 -
Aug 30, 2007 25.40 25.58 23.69 25.06 -
Aug 29, 2007 25.87 26.02 23.44 23.81 -
Aug 28, 2007 23.87 26.57 23.72 26.30 -
Aug 27, 2007 22.24 22.83 21.96 22.72 -
Aug 24, 2007 22.75 23.03 20.44 20.72 -
Aug 23, 2007 22.47 23.61 22.05 22.62 -
Aug 22, 2007 24.33 24.44 22.87 22.89 -
Aug 21, 2007 26.39 26.72 24.77 25.25 -
Aug 20, 2007 29.87 29.95 25.80 26.33 -
Aug 17, 2007 25.25 31.46 25.23 29.99 -
Aug 16, 2007 32.68 37.50 30.44 30.83 -
Aug 15, 2007 28.22 31.76 26.16 30.67 -
Aug 14, 2007 25.56 28.29 25.31 27.68 -
Aug 13, 2007 28.02 28.02 25.48 26.57 -
Aug 10, 2007 28.04 29.84 26.91 28.30 -
Aug 9, 2007  24.46 26.90 23.84 26.48 -
Aug 8, 2007  20.97 22.95 19.33 21.45 -
Aug 7, 2007  23.33 23.74 20.79 21.56 -
Aug 6, 2007  25.32 26.47 22.44 22.94 -
Aug 3, 2007  21.52 25.55 21.09 25.16 -
Aug 2, 2007  22.94 23.00 21.20 21.22 -
Aug 1, 2007  23.71 26.22 23.26 23.67 -
Jul 31, 2007 20.08 23.93 19.68 23.52 -
Jul 30, 2007 23.64 23.64 20.86 20.87 -
Jul 27, 2007 20.34 24.17 19.60 24.17 -
Jul 26, 2007 19.41 23.36 19.30 20.74 -
Jul 25, 2007 17.77 19.46 17.38 18.10 -
Jul 24, 2007 17.63 19.09 17.48 18.55 -
Jul 23, 2007 16.62 17.09 16.39 16.81 -
Jul 20, 2007 15.39 18.53 15.36 16.95 -
Jul 19, 2007 15.43 15.62 15.06 15.23 -
Jul 18, 2007 16.38 17.06 15.95 16.00 -
Jul 17, 2007 15.58 15.78 15.31 15.63 -
Jul 16, 2007 15.57 15.83 15.27 15.59 -
Jul 13, 2007 15.39 15.51 14.79 15.15 -
Jul 12, 2007 16.39 16.39 14.93 15.54 -
Jul 11, 2007 17.69 17.91 16.64 16.64 -
Jul 10, 2007 15.88 17.68 15.83 17.57 -
Jul 9, 2007  15.18 15.69 15.03 15.16 -
Jul 6, 2007  15.36 15.59 14.67 14.72 -